fips,black
2013,3.2
2016,3.3
2020,5.2
2050,0.7
2060,0.5
2068,1.1
2070,1.5
2090,4.2
2100,0
2105,3
2110,0.9
2122,0.5
2130,0.7
2150,0.2
2164,1.1
2170,1.1
2180,0.8
2185,1.4
2188,1
2195,1
2198,0.4
2220,0.7
2230,3.3
2240,0.3
2261,0.3
2158,0
2275,0
2282,0.7
2290,0
6001,10.3
6005,2.2
6007,1.4
6009,0.6
6011,1.1
6013,8.3
6015,3.2
6017,0.7
6021,0.6
6023,0.9
6031,5.8
6033,2
6035,8.4
6041,2.1
6043,1.4
6045,0.7
6047,2.8
6049,1.5
6053,2.4
6055,1.9
6057,0.4
6061,1.6
6063,0.7
6067,9.4
6069,0.7
6075,5
6077,6.7
6079,1.7
6081,2.1
6083,1.8
6085,2.3
6087,0.9
6089,1.1
6091,0
6093,1.5
6095,13.5
6097,1.4
6099,2.8
6101,1.7
6103,0.7
6105,1
6109,1.7
6113,2.4
6115,3.3
15001,0.5
15003,2.2
15005,3
15007,0.4
15009,0.4
41003,1
41005,0.8
41007,0.8
41009,0.4
41011,0.4
41013,0.5
41015,0.4
41017,0.5
41019,0.4
41021,0
41027,0.5
41029,0.6
41031,0.7
41033,0.4
41035,0.6
41037,0.3
41039,1
41041,0.4
41043,0.4
41047,1
41051,5.3
41053,0.7
41055,0.1
41057,0.3
41065,0.3
41067,1.9
41069,0
41071,0.8
53007,0.5
53009,0.9
53011,1.6
53015,0.7
53027,1.1
53029,3
53031,0.5
53033,6.2
53035,2.5
53037,0.8
53039,0.7
53041,0.4
53045,1
53047,0.4
53049,0.3
53053,6.5
53055,0.7
53057,0.6
53059,0.4
53061,2.9
53067,3
53069,1.2
53073,0.9
53077,0.9
4001,0.5
4003,3.6
4005,1.1
4007,0.6
4009,1.8
4011,2
4012,0.8
4013,5.3
4015,0.9
4017,0.7
4019,3.2
4021,4
4023,0.2
4025,0.6
4027,1.6
6003,0.8
6019,4.4
6025,2.1
6027,0.7
6029,5.1
6037,78.3
6039,3
6051,0.4
6059,1.6
6065,6.1
6071,7.8
6073,4.7
6107,1.2
6111,1.6
8007,1.3
8029,0.5
8033,0
8045,0.4
8051,0.3
8053,0
8067,0.4
8077,0.5
8079,0.9
8081,0.9
8083,0.2
8085,0.2
8091,0.3
8097,0.9
8103,0.4
8107,0.9
8111,0
8113,0
16001,1.2
16005,0.6
16007,0.8
16011,0.2
16013,0.4
16015,0.2
16019,0.4
16023,0.1
16025,0
16027,0.4
16029,0
16031,0.2
16033,0.7
16037,0.1
16039,2.5
16041,0.2
16043,0.1
16045,0.1
16047,0
16051,0
16053,0.1
16063,0
16065,0.1
16067,0.1
16071,0.1
16073,0.5
16075,0
16077,0
16081,0
16083,0.8
16087,0.1
32001,2.4
32003,11.2
32005,0.7
32007,0.4
32009,2.5
32011,0
32013,0.6
32015,0
32017,3.8
32019,0.7
32021,5.1
32023,1.8
32027,3.5
32029,1.6
32031,2.1
32033,5.6
32510,1.9
35003,0
35006,0.8
35013,1.6
35017,0.8
35023,1.2
35029,1.3
35031,0.5
35043,2
35045,0.6
35051,0.3
35053,0.5
35061,1
41023,0
41025,0.4
41045,0.9
49001,0
49003,0.5
49005,0.7
49007,0.4
49009,0.1
49011,1.2
49013,0.4
49015,0
49017,0
49019,0.3
49021,0.5
49023,0.2
49025,0
49027,0.1
49029,0.7
49031,0.1
49033,0
49035,1.8
49037,0.1
49039,0.7
49041,0.6
49043,0.7
49045,0.4
49047,0.3
49049,0.5
49051,0.1
49053,0.6
49055,0.2
49057,0.9
56003,0.4
56007,1
56013,0.5
56017,0
56023,0
56025,1
56029,0.6
56035,0
56037,1.1
56039,1.2
56041,0.1
56043,0
22031,35.3
48001,20.9
48005,14.5
48007,1.3
48013,0.2
48015,8.7
48019,0.6
48021,7
48025,6.8
48027,21.5
48029,7.1
48031,0
48035,1.6
48039,13.6
48041,10.2
48043,0.2
48047,0
48049,3.5
48051,13.1
48053,1.7
48055,5.5
48057,2.3
48061,0.3
48071,7.2
48073,13.4
48081,0.9
48083,1.6
48089,12.6
48091,1.9
48093,0.5
48095,1.1
48099,12.7
48103,2.3
48105,0.6
48109,0.1
48123,9.2
48127,0
48131,1.3
48135,4.4
48137,0
48141,2.9
48145,24.1
48149,6.5
48157,20.1
48161,15
48163,3.1
48167,12.3
48171,0
48173,0
48175,4.9
48177,6.4
48185,14.8
48187,7.5
48193,0.7
48199,5.5
48201,18.5
48209,3.8
48215,0.4
48217,6.2
48225,24.9
48229,1.6
48235,4
48239,6.4
48241,16.5
48243,1
48245,33.4
48247,0
48249,0.6
48255,6.4
48259,0.4
48261,0
48265,1.4
48267,1
48271,0.1
48273,2.9
48281,4.3
48283,1.4
48285,6.1
48287,11.1
48289,6.7
48291,9.8
48293,16.8
48297,2.2
48299,0.6
48301,0
48307,1
48309,14.2
48311,0
48313,16.2
48319,0
48321,10.2
48323,0.3
48325,2.4
48327,0
48329,6.2
48331,9.2
48333,0.3
48339,4.7
48347,17.2
48349,12.1
48351,20.2
48355,3.6
48361,8.6
48371,3.4
48373,9.6
48377,0
48383,0.8
48385,0.5
48389,1.3
48391,6.4
48395,20.2
48399,3
48403,5.6
48405,21.3
48407,8.9
48409,1.4
48411,2
48413,0.5
48419,18.9
48427,0
48431,0
48435,0
48443,1.1
48451,3.9
48453,7.8
48455,9.9
48457,10.6
48461,5.8
48463,0.3
48465,1.2
48469,5.6
48471,23
48473,24.7
48475,4
48477,16.3
48479,0.2
48481,13.5
48489,0.5
48491,6.1
48493,1.2
48495,2.2
48505,0
48507,0.3
5007,1.6
5033,1.3
5047,0.9
5057,29.9
5061,20.8
5081,21.9
5083,1.3
5087,0
5091,24.6
5113,0.4
5127,0.2
5131,6.7
5133,4.7
5143,3.5
8001,3.2
8003,0.4
8005,10.4
8009,0.9
8011,3.6
8013,0.8
8014,1.1
8015,1.6
8017,0
8019,1
8021,0.4
8023,0.3
8025,3.5
8027,2.8
8031,8.8
8035,1.3
8037,1.1
8039,0.3
8041,5.9
8043,4.4
8047,0.3
8049,1
8055,0.1
8057,0
8059,1
8061,0.4
8063,2.4
8065,0.1
8069,0.9
8071,0.7
8073,8
8075,0.8
8087,3.6
8089,0.6
8093,0.1
8095,0.1
8099,0.7
8101,1.5
8105,0.5
8109,0.5
8115,0.8
8117,1
8119,0.8
8121,0.9
8123,1.1
8125,0.4
19001,0.5
19003,0
19009,0
19015,0.6
19021,2.5
19025,1.5
19027,0
19029,0.1
19035,2
19039,0
19041,0.2
19047,2.7
19049,1.8
19053,1.7
19059,0.4
19063,1.9
19071,0.7
19073,0.4
19077,0.3
19079,1.3
19081,1.5
19085,0.1
19091,0.3
19093,0.6
19109,0.7
19119,0
19121,0.2
19129,0.6
19133,0.3
19137,0.1
19141,1.1
19143,1.2
19145,1.9
19147,2.3
19149,0.9
19151,0.5
19155,1.6
19159,0
19161,0.7
19165,0.7
19167,0.3
19173,0
19175,0.5
19187,4.6
19189,1.6
19193,3.2
19197,0.3
20001,0.9
20003,0.4
20005,2.8
20007,0.8
20009,1
20011,2.8
20013,0.6
20015,2.3
20017,1.6
20019,0.5
20021,0.5
20023,0
20025,0.3
20027,0.8
20029,1.8
20031,0.7
20033,0
20035,2.8
20037,2.1
20039,0.5
20041,1.3
20043,5.8
20045,4.1
20047,0.3
20049,0.3
20051,1
20053,3.1
20055,2.7
20057,1.9
20059,0.7
20061,17.6
20063,0.1
20065,4.1
20067,0
20069,0
20071,0
20073,0.2
20075,1.8
20077,0.1
20079,1.5
20081,0
20083,0
20085,0.2
20087,0.7
20089,0.3
20091,4.5
20093,0.3
20095,0.4
20097,0.6
20099,4.7
20101,0
20103,8.1
20105,0.1
20107,0.5
20109,0
20111,2.2
20113,1
20115,0.7
20117,0.3
20119,0.6
20121,1.4
20123,0.7
20125,4.9
20127,0.1
20129,0.7
20131,0.7
20133,1.2
20135,0.5
20137,2.7
20139,0.5
20141,0.4
20143,0.9
20145,4.4
20147,0.6
20149,1.3
20151,2.5
20153,0.6
20155,2.7
20157,1.1
20159,1.6
20161,6
20163,1.7
20165,0.1
20167,2.3
20169,2.7
20171,0
20173,8.5
20175,4.5
20177,8.3
20179,0.9
20181,0.7
20183,0.3
20185,0.2
20187,0
20189,0.7
20191,0.9
20193,2.1
20195,0.1
20197,0.5
20199,0.1
20201,0.1
20203,0.9
20205,0.4
20207,0.4
20209,21.7
22017,48.9
27013,3.8
27015,0.6
27033,0.8
27043,0.2
27063,0.3
27079,0.8
27081,0.4
27083,3.3
27091,0.4
27101,0.3
27103,2.7
27105,3.9
27117,0.4
27127,0.7
27133,0.9
27143,1
27165,0.8
29003,1.3
29005,0.4
29009,0.2
29011,0.2
29013,1.5
29021,5.1
29025,0.5
29037,3.9
29039,0
29047,5.9
29049,1.5
29057,0.3
29061,0.6
29063,8.9
29075,0.5
29081,0.5
29083,1.2
29087,1
29095,23.1
29097,1.8
29101,4.2
29107,2.1
29109,0.4
29119,1.8
29145,0.8
29147,2.7
29165,6.6
29177,1.3
29185,0.7
29217,0.5
29227,0.5
31001,0.5
31003,0.9
31005,0
31007,0
31009,0
31011,0.3
31013,1.3
31015,0.5
31017,0
31019,0.8
31021,0.4
31023,0.1
31025,0.3
31027,0.1
31029,0
31031,0
31033,0.8
31035,0.2
31037,3.7
31039,0.1
31041,0.1
31043,5
31045,3.9
31047,6.1
31049,0.1
31051,0.4
31053,0.7
31055,10.9
31057,0.2
31059,0.3
31061,0.5
31063,0.5
31065,0.1
31067,0.6
31069,0.1
31071,0.3
31073,0.2
31075,0.8
31077,0.4
31079,2.4
31081,0.1
31083,0.5
31085,0
31087,0
31089,0.1
31091,1
31093,0.1
31095,0.6
31097,6
31099,0.1
31101,1.2
31103,0
31105,0
31107,0.4
31109,3.8
31111,1.2
31113,0
31115,0
31117,0
31119,1.2
31121,0.4
31123,0.7
31125,0.3
31127,1.4
31129,0.1
31131,0.4
31133,0.1
31135,0.1
31137,0.3
31139,0.2
31141,0.5
31143,0
31145,0.6
31147,0.2
31149,1.4
31151,2.2
31153,3.6
31155,0.4
31157,0.7
31159,0.5
31161,2
31163,0.1
31165,0.4
31167,1.4
31169,0.4
31171,0
31173,0.1
31175,0.4
31177,0.8
31179,1.4
31181,0.2
31183,0
31185,1.5
35001,2.4
35005,1.4
35007,0.6
35009,4.9
35011,1.5
35015,1.4
35019,0.5
35021,0
35025,3.3
35027,0.5
35028,0.5
35033,0
35035,3.2
35037,1.6
35039,0.4
35041,2.4
35047,0.9
35049,0.8
35055,0.1
35057,0.7
35059,1.4
40001,0.1
40003,3
40005,3.5
40007,0.5
40009,4.2
40011,3.9
40013,1.7
40015,2.2
40017,2.7
40019,6.5
40021,1.3
40023,10.8
40025,0.1
40027,4.6
40029,0.1
40031,15.5
40033,2.2
40035,3
40037,2.1
40039,3
40041,0.4
40043,0.1
40045,0.1
40047,2.3
40049,2.1
40051,2.3
40053,0.9
40055,6.3
40057,9.3
40059,0
40061,0.7
40063,5.6
40065,6.5
40067,1.3
40069,1.8
40071,2
40073,1.2
40075,3.3
40077,1
40079,1.8
40081,1.8
40083,8.1
40085,2.6
40087,1
40089,7.8
40091,2.6
40093,0.4
40095,1.7
40097,0.4
40099,1.5
40101,10.4
40103,0.2
40105,2.4
40107,7.3
40109,14.7
40111,8
40113,11.1
40115,1
40117,0.9
40119,3.9
40121,2.8
40123,2.4
40125,3.3
40127,0.7
40129,0.2
40131,0.9
40133,4.6
40135,1.7
40137,1.7
40139,2.4
40141,7.4
40143,9.9
40145,3.4
40147,2.6
40149,1.2
40151,2.7
40153,1.2
46003,1.6
46005,1.1
46007,0
46009,1.4
46011,1.3
46015,0.4
46017,0.1
46023,0
46027,1.6
46033,0.2
46035,1.3
46043,0
46047,0
46053,0
46055,0
46059,0.1
46061,0
46065,0.1
46067,0
46069,2.4
46071,0.3
46073,0
46075,1.1
46077,0
46079,0.3
46081,0.8
46083,1.3
46085,0.1
46087,0.7
46093,1.8
46095,0.1
46097,0.2
46099,5.6
46101,0.4
46103,1.1
46111,0
46102,0
46117,0
46121,0
46123,0
46125,0.4
46127,0.8
46135,1.5
48003,0.6
48009,0.8
48011,0.2
48017,0.4
48023,3
48033,0
48037,24.3
48045,0.8
48059,0.9
48063,15.8
48065,0.7
48067,17
48069,2.1
48075,8
48077,0.4
48079,3.8
48085,9.6
48087,8.3
48097,2.7
48101,14.4
48107,3.1
48111,0.7
48113,22.2
48115,7.6
48117,0.6
48119,8.7
48121,9.5
48125,2.6
48129,5.4
48133,2.8
48139,9.7
48143,1.8
48147,5.6
48151,2.6
48153,2.8
48155,2.2
48159,4.3
48165,2.1
48169,5.6
48179,4.3
48181,5.2
48183,19.7
48189,4.5
48191,6.1
48195,0
48197,5.8
48203,20.6
48205,7.4
48207,3.7
48211,0.9
48213,6.3
48219,3.1
48221,0.7
48223,7
48227,5.1
48231,7.8
48233,1.4
48237,4.7
48251,3.4
48253,13.9
48257,11.7
48263,0.9
48269,0
48275,4.6
48277,12.7
48279,2.9
48295,0.5
48303,6.6
48305,0.7
48315,22.9
48317,0.8
48335,9
48337,0.6
48341,3.2
48343,23
48345,1.5
48353,5.5
48357,0
48359,3
48363,2.5
48365,17.2
48367,1.2
48369,1.1
48375,9.7
48379,3.5
48381,2.5
48387,16.7
48393,0
48397,6.2
48401,16.7
48415,4.6
48417,0.2
48421,1.1
48423,17.2
48425,1.1
48429,2.8
48433,2
48437,5.8
48439,16.1
48441,7.7
48445,4.6
48447,0.9
48449,8.9
48459,8.1
48467,2.8
48483,2.9
48485,9.9
48487,9.5
48497,1.2
48499,4.9
48501,0.4
48503,2.1
56001,1.4
56005,0.3
56009,0
56011,0.1
56015,0.3
56019,0.5
56021,1.9
56027,0.5
56031,0
56045,0.2
16003,0.3
16009,0
16017,0.2
16021,0.5
16035,0.5
16049,0.1
16055,0.2
16057,1.1
16059,0
16061,0.1
16069,0.3
16079,0.3
16085,0
27005,0.4
27007,1
27009,3.9
27011,0
27019,1.7
27021,0.4
27023,0.8
27027,3.6
27029,0.1
27035,0.7
27041,0.3
27051,0.2
27057,0.5
27061,0.4
27067,5.3
27069,1.4
27071,0.5
27073,0.7
27077,0
27085,0.5
27087,0.5
27089,0.3
27093,0.4
27097,0.5
27107,0.9
27111,1.3
27113,1
27119,2.1
27121,0.4
27125,0.4
27129,0.3
27135,0.8
27141,2.4
27145,6.4
27149,1.3
27151,2
27153,0.6
27155,0.5
27159,0.6
27167,0.3
27171,1.4
27173,0.6
30001,0
30003,0
30005,0.4
30007,0
30009,0.4
30011,0
30013,1.2
30015,0.2
30017,0.6
30019,0
30021,0.7
30023,0.7
30025,0
30027,0.1
30029,0.3
30031,0.3
30033,0.6
30035,0.2
30037,0
30039,0
30041,0.3
30043,0.3
30045,0
30047,0.2
30049,0.2
30051,0
30053,0.2
30055,0
30057,0
30059,0
30061,0.7
30063,0.6
30065,0
30067,0.4
30069,0
30071,0
30073,0.1
30075,0
30077,0.9
30079,0
30081,0.1
30083,0
30085,0.2
30087,0.1
30089,0.3
30091,0
30093,0.5
30095,0
30097,0
30099,0.5
30101,0.4
30103,0
30105,0.3
30107,0
30109,0
30111,0.4
38001,2
38003,2.2
38005,0
38007,0
38009,0.5
38011,0
38013,0.2
38015,2.2
38017,5.5
38019,0
38021,1.3
38023,3.1
38025,1.7
38027,0
38029,0
38031,0
38033,0
38035,3.6
38037,0
38039,0
38041,0.3
38043,0.2
38045,0.6
38047,0
38049,0.3
38051,0.5
38053,1.6
38055,0.6
38057,0.8
38059,0.9
38061,1.4
38063,0
38065,0
38067,0.3
38069,0.6
38071,0.1
38073,0.8
38075,0.2
38077,0.6
38079,0.6
38081,2.3
38083,0
38085,0.1
38087,1.7
38089,1.9
38091,0.7
38093,1.4
38095,0.7
38097,1
38099,0.4
38101,3.7
38103,0
38105,4.4
41001,0.9
41049,0.2
41059,0.9
41061,0.6
41063,0.1
46013,2.1
46019,0.6
46021,0
46025,0
46029,0.7
46031,0.3
46037,0
46039,0
46041,0
46045,0.1
46049,0
46051,0.4
46057,0.4
46063,2
46089,2
46091,0.6
46105,0
46107,0
46109,0.6
46115,0.2
46119,0
46129,5
46137,0
53001,0.4
53003,0.5
53005,1.4
53013,0.9
53017,0.4
53019,0.1
53021,1.8
53023,0
53025,0.8
53043,0.7
53051,0.3
53063,1.6
53065,0.4
53071,1.7
53075,2.1
56033,0.2
1003,9.1
1005,47.4
1011,74.8
1013,45
1023,42.5
1025,45.7
1031,16.8
1035,47.7
1039,13.3
1041,23.1
1045,19.7
1053,31.9
1061,9.4
1067,26.5
1069,26.7
1097,35.5
1099,42.3
1109,36.5
1129,23.5
1131,69.3
12001,19.8
12003,13.3
12005,10.8
12007,20.1
12009,9.2
12013,12.9
12015,5.3
12017,2.8
12019,10.2
12021,6.6
12023,17.7
12027,12.5
12029,8.7
12031,29.1
12033,21.7
12035,9.9
12037,13.7
12039,55.7
12041,5.6
12043,12.9
12045,16.5
12047,33.6
12049,7.4
12051,11
12053,4.8
12055,9.3
12057,15.5
12059,6.8
12061,8.8
12063,26.5
12065,34.3
12067,15.8
12069,10.1
12071,8.1
12073,30.5
12075,8.6
12077,15.6
12079,38.2
12081,8.5
12083,12.4
12087,6.7
12089,5.9
12091,9.4
12093,7.6
12095,19.7
12097,9.2
12101,5.3
12103,9.9
12105,14.6
12107,16
12109,5.2
12113,6
12115,4.3
12117,10.9
12119,6.7
12121,12.7
12123,19.8
12125,21.7
12127,10.4
12129,14.9
12131,4.6
12133,14.9
13001,19.2
13003,17.4
13005,15.1
13007,39.6
13017,36.6
13019,10.5
13025,3.3
13027,35.8
13029,13.8
13037,60.3
13039,18.6
13049,25.8
13051,39.4
13061,62.3
13065,28.4
13069,28.4
13071,23.1
13075,26.9
13081,45.5
13087,42
13095,69.3
13099,52.2
13101,1.9
13127,26
13131,28.8
13155,28.2
13161,16.4
13173,24.3
13177,20.7
13179,40.1
13183,24.8
13185,36.3
13191,35.4
13201,30.3
13205,46.3
13229,9.3
13239,51.9
13243,62.3
13253,32.8
13259,52.4
13261,52.1
13267,29.1
13271,38.4
13273,58.1
13275,36.2
13277,29.4
13287,40.2
13299,29.8
13305,20.2
13307,37.2
13309,43.3
13315,35.4
13321,28
22001,17.3
22003,18.4
22005,21.7
22007,29.9
22009,26.7
22011,12.3
22019,24.8
22021,16.3
22023,3.3
22025,31.5
22029,41
22033,45.9
22037,43.2
22039,27.1
22043,15.8
22045,31.5
22047,48
22051,26.3
22053,16.3
22055,25.8
22057,13.5
22059,11
22063,5.8
22069,41
22071,58.8
22075,19.9
22077,35.7
22079,31.4
22081,39.1
22085,15.9
22087,22.7
22089,26.3
22091,52.5
22093,49.5
22095,56.1
22097,41.4
22099,29
22101,30.2
22103,11.9
22105,29.3
22107,55.3
22109,18.9
22113,14.4
22115,14.3
22117,30.1
22121,39.7
22125,44.4
22127,31.5
28001,56.1
28005,41.9
28021,87.2
28023,35.4
28029,51.5
28031,36.6
28035,37.1
28037,35.9
28039,8
28041,25.9
28045,8
28047,24.6
28059,20.9
28061,53.8
28063,78.9
28065,61.2
28067,29.3
28073,20
28077,32.5
28085,31.8
28091,32.5
28109,12.7
28111,19.8
28113,54
28127,36.6
28129,22.9
28131,18.1
28147,46.3
28153,41
28157,70.9
1007,22.1
1033,16
1057,11.1
1059,4.2
1063,79.4
1065,59.3
1075,10.6
1077,10.1
1079,10.5
1091,53.5
1093,3.4
1105,69.3
1107,39.8
1119,71.9
1125,31.8
1127,6.1
1133,0.7
5001,25.8
5003,25.2
5005,0.1
5009,0.3
5011,28.8
5013,21.4
5015,0.5
5017,53.8
5019,24.2
5021,0.6
5023,0.3
5025,12.7
5027,35.9
5029,10.2
5031,14.4
5035,47.8
5037,18.6
5039,43.2
5041,46.5
5043,28.6
5045,11.3
5049,0.4
5051,8.1
5053,2.5
5055,1.9
5059,11.3
5063,1.8
5065,1.8
5067,12.2
5069,56.4
5071,1.5
5073,35.7
5075,1.1
5077,55.3
5079,30.5
5085,5.6
5089,0.4
5093,33.7
5095,42.9
5097,0.2
5099,34.5
5101,0
5103,41.4
5105,0.5
5107,63.1
5109,4
5111,4.5
5115,2.9
5117,12.4
5119,36.6
5121,1
5123,53.1
5125,7
5129,0.6
5135,0.7
5137,0
5139,32.6
5141,0.4
5145,4.2
5147,28.1
5149,2
17003,33.4
17055,0.7
17059,0.5
17065,0.4
17069,2.7
17077,14.9
17081,8.3
17087,11
17127,5.8
17133,0.1
17145,9
17151,4.2
17153,30.2
17157,10
17165,2.6
17181,1.6
17189,0.8
17193,0.6
17199,4
18051,2.1
18129,1.4
18163,9.5
18173,1.6
21007,4
21033,6.2
21035,3.4
21039,0.7
21047,21.5
21055,0.7
21075,24
21083,4
21101,7.2
21105,8.3
21107,6.4
21139,0.4
21143,5.6
21145,10.4
21149,1.2
21157,0.9
21219,8.1
21221,7.4
21225,13.1
21233,3.3
22013,43.1
22015,22.6
22027,51.9
22035,69.6
22041,33.8
22049,29.7
22061,40.5
22065,63.5
22067,49
22073,37.3
22083,35.7
22111,24.7
22119,33.9
22123,16.1
28003,11.9
28007,42.2
28009,34
28011,64
28013,27.3
28015,34.6
28017,44.2
28019,30.9
28025,59.9
28027,77.5
28033,27.1
28043,43.3
28049,72.3
28051,83.9
28053,75.6
28055,61.6
28057,7.1
28069,61.6
28071,23.4
28075,43.6
28079,41.6
28081,29.3
28083,74.2
28087,43.7
28089,37.9
28093,47.7
28095,31.1
28097,44
28099,20.9
28101,30.4
28103,72.1
28105,36.9
28107,48.3
28115,15.4
28117,10
28119,72
28121,20.7
28123,37.9
28125,74.5
28133,73.8
28135,53.5
28137,29.8
28139,16.5
28141,2.6
28143,78.3
28145,15.4
28149,49.3
28151,71.9
28155,20.4
28159,46.5
28161,39.6
28163,59.1
29015,0.2
29017,0.4
29023,5.5
29029,0.7
29031,7.3
29035,0
29043,0.6
29055,0.3
29059,0
29065,0.4
29067,0.2
29069,10.2
29077,3.2
29085,0
29091,0.2
29093,1.1
29099,0.9
29105,0.5
29123,0.7
29125,0.2
29131,0.2
29133,24.4
29143,15.3
29149,0.1
29153,0
29155,27.1
29157,0.5
29161,2.2
29167,0.9
29169,10.6
29179,2
29181,0.6
29186,1.9
29187,4.3
29201,11.6
29203,0.1
29207,1.4
29209,0.2
29213,1.3
29215,2.1
29221,2.1
29223,0.5
29225,0.9
29229,0.5
47005,3
47017,10.1
47023,8.9
47033,12.9
47039,4.4
47043,4.1
47045,12.6
47047,27.2
47053,17.1
47069,41.7
47071,3.8
47075,50.7
47077,7.8
47079,8.1
47081,5.2
47083,5.4
47085,2
47095,28.3
47097,33.7
47099,1.6
47101,1.8
47109,5.5
47113,36.9
47125,19.2
47131,10.2
47135,2.7
47157,53.4
47161,0.9
47167,18.3
47181,6.8
47183,8.4
17001,4
17005,7.5
17007,2
17009,18.8
17011,1
17013,0.3
17015,1.2
17017,4.3
17019,13.3
17021,1.3
17023,0.6
17025,0.8
17027,3.4
17029,3.8
17031,23
17033,6.4
17035,0
17037,7.7
17039,0.5
17041,0.6
17043,4.6
17045,0.1
17047,0.7
17049,0.5
17051,4.6
17053,1.1
17057,3.7
17061,1.3
17063,1.1
17067,0.6
17071,0.1
17073,1.9
17075,0.8
17079,0.4
17083,0.4
17085,0.5
17089,5.2
17091,15.1
17093,6.9
17095,8.4
17097,6.5
17099,2.5
17101,8.2
17103,5.4
17105,4.1
17107,6.8
17109,4.6
17111,1.3
17113,8.2
17115,14.6
17117,0.9
17119,8.5
17121,3.6
17123,0.2
17125,0.7
17129,0.4
17131,0.6
17135,3.7
17137,6.7
17139,0.7
17141,1
17143,17.6
17147,0.5
17149,1.1
17155,0.5
17159,0.7
17161,9.8
17163,29.8
17167,12.6
17169,8.7
17171,0.1
17173,0.6
17175,0.9
17177,9.6
17179,1.2
17183,13.9
17185,0.6
17187,2.9
17191,1.5
17195,1.5
17197,11.1
17201,12.5
17203,0.6
18007,0.4
18045,0.2
18083,2.7
18089,23.3
18111,0.2
18121,0.5
18125,0.8
18153,3.8
18165,1.1
18167,6.6
18171,0.5
19005,1.2
19007,0.7
19011,0.5
19013,9.3
19017,0.8
19019,0.1
19023,1
19031,1.4
19033,1.7
19037,0.9
19043,0.9
19045,2.7
19051,0
19055,0.2
19057,5.6
19061,3.5
19065,2.1
19067,1.7
19069,0.2
19075,0.6
19083,1.2
19087,2.2
19089,0.3
19095,0.7
19097,0.4
19099,1.9
19101,7.1
19103,7.2
19105,2.1
19107,0.4
19111,2.7
19113,5.3
19115,1
19117,0
19123,1.3
19125,1
19127,1.1
19131,0.3
19135,0
19139,2.4
19153,6.5
19157,1.9
19163,7.4
19169,2.2
19171,0.9
19177,0.4
19179,3.3
19181,0.4
19183,0.7
19185,0.2
19191,1.5
19195,1.5
27039,0.3
27045,0.5
27047,0.9
27049,1.3
27055,1.2
27099,3.9
27109,5.9
27131,5.6
27147,3.1
27157,0.5
27161,2.3
27169,1.2
29001,2.6
29007,5.7
29019,8.9
29027,4.3
29033,1.4
29041,2.5
29045,0.3
29051,11.6
29053,5.6
29071,0.7
29073,0.4
29079,0.2
29089,5.8
29103,0.4
29111,4.2
29113,1.9
29115,0.4
29117,2.5
29121,1.9
29127,3.7
29129,0.5
29135,2.7
29137,3.3
29139,1.4
29141,0.8
29151,0.1
29159,3.5
29163,7.2
29171,0.1
29173,1.2
29175,5.7
29183,4.3
29189,24
29195,4.7
29197,0.4
29199,0
29205,1.6
29211,2.2
29219,1.9
29510,46.2
55001,2.7
55009,2.3
55011,0.7
55015,0.8
55021,1.3
55023,1.9
55025,5
55027,2.7
55039,1.4
55043,1.4
55045,0.5
55047,0.5
55049,0.8
55053,2
55055,0.7
55057,2.2
55059,7.2
55061,0.7
55063,1.5
55065,0.6
55071,0.9
55077,0.6
55079,26
55081,1.7
55087,1.3
55089,1.2
55091,0.2
55097,0.7
55101,11
55103,0.8
55105,4.3
55111,0.8
55117,1.9
55121,0.5
55123,0.3
55127,0.8
55131,1.3
55133,1.5
55135,0.5
55137,1.4
55139,2.2
55141,0.7
1001,19
1009,1.5
1015,20.6
1017,39.5
1019,4.5
1021,9.1
1027,15.5
1029,2.7
1037,33.6
1043,1.2
1047,70.4
1049,1.4
1051,21.2
1055,15.4
1071,3.4
1073,42.8
1081,22.7
1083,13.5
1085,74.3
1087,82.5
1089,24
1095,2.6
1101,57.7
1103,12.6
1111,19.6
1113,43.4
1115,9.5
1117,12
1121,32.3
1123,26.9
13015,10.3
13035,28.9
13045,19
13047,2
13053,19.8
13055,10.3
13057,6.7
13063,68.3
13067,26.7
13077,17.6
13079,21.9
13083,0.6
13085,1
13089,53.4
13097,45.9
13111,0.2
13113,22.5
13115,13.8
13117,3.3
13121,43.6
13123,0.4
13129,3.7
13135,27
13143,5
13145,16
13149,8.7
13151,43.4
13171,29.3
13187,2
13193,61.4
13197,30.4
13199,39.7
13207,23.2
13213,1
13215,45.6
13223,18.4
13227,1
13231,8.9
13233,11.9
13247,53.7
13249,25.1
13255,34
13263,57.7
13269,37.9
13285,36.1
13291,0.7
13293,27.1
13295,4.1
13313,3.7
18025,0.3
18037,0.6
18043,5
18061,0.5
18123,2.8
18147,0.6
21001,3
21003,0.9
21005,2.7
21009,3.4
21017,6.9
21021,7.9
21027,1.7
21029,1
21031,0.5
21045,0.7
21049,4.5
21053,0.3
21057,2
21059,4.3
21061,1.4
21065,0.1
21067,14.4
21073,9.3
21079,1.9
21085,1.1
21087,2.5
21091,0.8
21093,11.2
21099,4
21109,0.3
21111,21.4
21113,4.5
21123,3.3
21125,0.7
21137,1.9
21141,6.6
21147,5.6
21151,4
21155,7.2
21163,3.5
21167,4.1
21169,1.5
21171,2.4
21173,2.7
21177,4.2
21179,5
21181,1.2
21183,0.8
21199,0.8
21203,0.1
21207,0.3
21209,4.6
21211,6.6
21213,9.8
21215,1.8
21217,4.2
21227,8.8
21229,5.3
21231,1.9
21235,0.8
21239,4.5
37039,1.2
47001,3.5
47003,7.9
47007,3.3
47009,2.6
47011,4.7
47013,0.3
47015,1.8
47021,1.5
47027,2.3
47031,3.7
47035,0.6
47037,26.9
47041,1.6
47049,0.3
47051,4.5
47055,9.6
47061,0.7
47065,18.9
47087,0.3
47093,8.6
47103,7
47105,0.9
47107,3.6
47111,0.1
47115,2.5
47117,7.5
47119,11.4
47121,1.9
47123,1.9
47127,2.1
47129,5.6
47133,0.6
47137,0.1
47139,0.3
47141,2.1
47143,2.2
47145,2.3
47147,7.1
47149,14.5
47151,0.5
47153,0.2
47159,1.9
47165,7.2
47169,10.1
47175,0.2
47177,2
47185,2.1
47187,4
47189,7.1
13009,42.1
13011,2.5
13013,11.6
13021,54.2
13023,27.3
13031,27.7
13033,48
13043,25.1
13059,27.6
13073,16.5
13091,28.7
13093,49
13103,13.1
13105,29.6
13107,33.8
13109,29.6
13119,9.3
13125,10.2
13133,35
13137,3.1
13139,7
13141,73.1
13147,19.2
13153,30.6
13157,6.6
13159,20.3
13163,53.1
13165,34.9
13167,33.1
13169,24.5
13175,37.2
13181,30.9
13189,39.9
13195,10.6
13209,25.7
13211,22.7
13217,44.3
13219,5.2
13221,17.5
13225,44.6
13235,37.6
13237,26.2
13241,1.8
13245,55.5
13251,41.6
13257,11.8
13265,62
13279,25.5
13281,1.2
13283,26.3
13289,42.8
13297,17.6
13301,61.1
13303,52.6
13311,1.4
13317,42.5
13319,38.9
21011,1.5
21013,2.7
21019,2.2
21025,1.3
21043,0.5
21051,3.5
21063,3.5
21069,2.1
21071,0.8
21095,2.1
21115,0.4
21119,0.5
21121,0.8
21127,0.1
21129,0.7
21131,0.1
21133,0.3
21153,0
21159,5
21165,0.1
21175,3.4
21189,5.4
21193,1.8
21195,0.8
21197,0.3
21205,1.5
21237,0
37003,5.8
37005,2.3
37009,0.7
37011,3.9
37021,6.2
37023,6
37027,4.5
37035,8
37043,2
37045,20.9
37071,16.1
37075,0.1
37087,0.9
37089,3.3
37097,11.8
37099,2.1
37109,4.9
37111,3.5
37113,1.5
37115,1.5
37119,31
37121,0.3
37149,4.8
37161,9.5
37171,3.5
37173,0.4
37175,4.6
37189,1.7
37193,3.8
37197,3.3
37199,0.6
45001,27.6
45003,24.5
45005,73.6
45007,15.5
45009,60.9
45011,45.5
45013,17.5
45017,40.8
45021,20
45023,36.9
45029,38.2
45037,35
45039,58.4
45045,17.4
45047,31.5
45049,53.2
45053,41.5
45057,20.7
45059,23.9
45063,14.6
45065,44.8
45071,31
45073,6.8
45075,61.3
45077,6.7
45079,46.4
45081,24.9
45083,20.2
45087,30.3
45091,19.1
47019,1.6
47025,0.9
47029,1.3
47057,0.4
47059,2.1
47063,3.7
47067,0.5
47073,1.3
47089,1.6
47091,3.4
47155,0.9
47163,1.8
47171,0.3
47173,0.5
47179,3.9
51021,3.7
51027,2.6
51035,0.5
51051,0.5
51071,2.1
51077,5.5
51105,3.8
51155,4.3
51167,1
51169,0.5
51173,2
51185,3
51191,1.2
51195,5.2
51197,2.9
51520,5.7
51640,4.9
51720,3
54005,0.9
54019,5.2
54039,7.1
54043,0.1
54045,1.6
54047,8.3
54055,6.1
54059,2.3
54067,0.6
54081,7.6
54089,4.4
54099,0.8
54109,1.2
18001,1.1
18003,11.2
18005,1.5
18009,0
18011,1.7
18013,0.6
18015,1.1
18017,1.1
18019,6.6
18021,0.8
18023,0.6
18027,1.9
18029,0.8
18031,0.6
18033,0.5
18035,6.8
18039,5.4
18041,2.3
18047,0.1
18049,0.9
18053,6.9
18055,0.3
18057,3.8
18059,2.3
18063,6.7
18065,2.4
18067,7.4
18069,0.8
18071,1
18073,0.5
18075,0.3
18077,2
18079,1.4
18081,2.3
18085,0.7
18087,0.1
18091,10.9
18093,0.3
18095,7.7
18097,27.6
18099,0.5
18101,0.7
18103,5.3
18105,3
18107,0.7
18109,0.4
18113,0.4
18115,0.3
18117,2.5
18119,0.2
18127,3.4
18131,0.1
18133,2.5
18135,0.5
18137,0.3
18139,1.6
18141,12.6
18143,0.2
18145,1.1
18149,0.8
18151,0.3
18155,0.9
18157,5.1
18159,0.1
18161,0
18169,1
18175,0
18177,4.7
18179,0.7
18181,0.4
18183,0.4
21015,2.8
21023,0.3
21037,3.1
21041,2.8
21077,2
21081,0.7
21089,0.9
21097,1.7
21103,2.9
21117,4.5
21135,0.6
21161,6.3
21185,3.5
21187,0.5
21191,1
21201,1.7
21223,0.1
26005,1.2
26011,0.4
26015,0.5
26017,1.6
26019,0.1
26021,14.5
26023,2.3
26025,10.3
26027,5.1
26035,0.6
26037,1.8
26045,6.5
26049,19.5
26051,0.2
26057,5.4
26059,0.6
26063,0.4
26065,11.1
26067,4.5
26069,0.7
26073,2.6
26075,7.6
26077,10.5
26081,9.2
26085,7.9
26087,1.2
26091,2.2
26093,0.5
26099,11.6
26101,2.8
26105,0.9
26107,2.9
26111,1.3
26113,0.5
26115,2.3
26117,2
26121,13.5
26123,1.1
26125,13.5
26127,1
26129,0.3
26133,1.1
26139,1.4
26143,0.1
26145,18.2
26147,2.1
26149,2.2
26151,0.5
26155,0.6
26157,0.9
26159,3.1
26161,11.7
26163,38.5
26165,0.5
39001,0.3
39003,11.8
39005,0.7
39007,3.3
39009,2.8
39011,0.6
39013,3.8
39015,0.8
39017,7.9
39019,0.2
39021,1.8
39023,8
39025,1.4
39027,2
39029,1.9
39031,1.1
39033,0.9
39035,29.2
39037,0.7
39039,1.4
39041,3.3
39043,8.6
39045,7.2
39047,2.3
39049,22.3
39051,0.3
39053,2.1
39055,1.3
39057,6.7
39059,1
39061,25.3
39063,1.5
39065,0.7
39067,2.8
39069,0.8
39071,1.4
39073,0.7
39075,0.1
39077,1.2
39079,0.6
39081,5.3
39083,0.8
39085,4.1
39087,2
39089,3.6
39091,1.6
39093,7.8
39095,18.7
39097,5.8
39099,14.6
39101,5.3
39103,1.4
39105,1.1
39107,0.8
39109,2
39111,0.3
39113,20.2
39115,4.9
39117,0.8
39119,3.1
39121,5.5
39123,1.2
39125,0.7
39127,0.3
39129,3.3
39131,1.6
39133,3.9
39135,0.4
39137,0.3
39139,8.8
39141,5.1
39143,2.9
39145,2.7
39147,2.8
39149,2.5
39151,7.4
39153,14.3
39155,8.1
39157,0.5
39159,2.5
39161,1.3
39163,0.2
39165,3.3
39167,1.2
39169,1.3
39171,1
39173,2.5
39175,0.1
54007,0.7
54011,4.8
54013,0
54015,0
54017,1.4
54021,12
54035,0.3
54051,0.8
54053,0.4
54069,3.8
54073,0.2
54079,1.3
54085,0.2
54087,0
54095,0.3
54103,1
54105,0.4
54107,1.4
12011,27.5
12085,5.3
12086,15.7
12099,18.2
12111,19.3
24037,14.4
24039,41.4
24047,12.6
37001,19.3
37007,48.2
37013,24.8
37015,61.1
37017,34.4
37019,9.6
37025,17.4
37029,13.8
37031,5.3
37033,32.7
37037,11
37041,35.1
37047,29.9
37049,21.3
37051,35.9
37053,5.5
37055,2.5
37057,9.1
37059,4.9
37061,23.5
37063,35.8
37065,57.4
37067,25.6
37069,24.7
37073,33.4
37077,29.7
37079,34.6
37081,33.5
37083,52.6
37085,20.4
37091,58.6
37093,33
37095,29.6
37101,15.4
37103,30.3
37105,19.4
37107,38.6
37117,42
37123,17.5
37125,12.3
37127,39.2
37129,13.4
37131,56.3
37133,13.2
37135,11.1
37137,18.2
37139,36.4
37141,14.2
37143,23.1
37145,26
37147,34.4
37151,5.6
37153,31.7
37155,23.6
37157,18.2
37159,15.7
37163,25
37165,38.8
37167,11.1
37169,4.1
37177,36.8
37179,11.2
37181,49.6
37183,19.8
37185,50
37187,47.4
37191,30.3
37195,39
45015,23.8
45019,26.5
45025,31.7
45027,47.2
45031,41
45033,47.6
45035,24.8
45041,42.5
45043,30.8
45051,13.1
45055,23.3
45061,63.8
45067,56.5
45069,50.3
45085,46.6
45089,64.3
51001,28.5
51003,9.4
51005,5.8
51007,21.1
51009,17.9
51011,19.7
51015,4.1
51017,3
51019,6.8
51023,2.9
51025,54.1
51029,34.1
51031,13.9
51033,26.7
51036,45.1
51037,27.9
51041,22.7
51045,0
51049,29.9
51053,31.8
51057,39.2
51063,1.5
51065,14.2
51067,7.4
51073,8.8
51075,15.8
51079,5.2
51081,58.6
51083,34.5
51085,8.9
51087,29.4
51089,22.2
51093,22.1
51095,12.8
51097,26.1
51099,16.2
51101,16
51103,30.8
51109,14.7
51111,31.1
51115,8.8
51117,35.3
51119,13.9
51121,4.3
51125,12.8
51127,11.9
51131,33
51133,27.3
51135,40
51137,12.7
51141,5.9
51143,19.9
51145,10
51147,30.7
51149,31
51159,26.5
51161,5.9
51163,3.2
51175,31.8
51177,15.6
51181,44.4
51183,54.9
51193,25.9
51199,12.8
51530,7.2
51540,18.6
51550,29.3
51570,14.6
51580,12.4
51590,48.7
51595,62.8
51620,56.6
51630,20.6
51650,49.1
51670,42.2
51678,8.6
51680,28.3
51690,44.4
51700,39.9
51710,40.5
51730,76.2
51735,1.1
51740,52.2
51750,9.8
51760,46.5
51770,28
51775,6.5
51790,10.9
51800,41
51810,18.4
51820,13.4
51830,15
54025,2.8
54063,0.9
10001,25
10003,24.5
10005,11.8
11001,45.4
24001,7.9
24003,16.3
24005,28.4
24009,11.5
24011,13.5
24013,3.4
24015,6.3
24017,45.4
24019,25.7
24021,9.3
24023,0.8
24025,13.4
24027,18.4
24029,14.1
24031,17.9
24033,61.7
24035,6.6
24041,10
24043,10.3
24045,25.6
24510,61.7
34001,14
34003,5.2
34005,16
34007,18.2
34009,4.4
34011,18
34013,38.4
34015,9.7
34019,2.3
34021,19.8
34023,9.5
34025,6.7
34027,3.1
34029,2.7
34031,10.4
34033,12.8
34035,9.2
34037,2.1
34039,20
34041,4.3
36003,1.4
36007,5.1
36009,1.4
36011,4.1
36013,2.3
36015,5.9
36017,0.8
36023,1.8
36025,1.5
36029,13
36033,5.6
36035,1.9
36037,2
36039,5.4
36041,0.7
36043,1
36045,5.7
36049,0.6
36051,2.5
36053,1.6
36055,14.4
36057,1.8
36063,6.8
36065,5.6
36067,10.8
36069,2.1
36071,9.9
36073,5.6
36075,0.9
36077,1.8
36085,9.3
36089,2.2
36095,1.3
36097,0.8
36099,4.7
36101,1.5
36105,7.4
36107,0.6
36109,3.4
36111,5.5
36117,2.7
36121,3.9
36123,0.9
42001,1.2
42003,12.6
42005,0.8
42007,5.7
42009,0.6
42011,4.2
42013,1.6
42015,0.5
42017,3.8
42019,0.9
42021,3.1
42023,0
42025,1.9
42027,3.5
42029,5.6
42031,1.2
42033,2.6
42035,1.7
42037,1.7
42039,1.5
42041,3.6
42043,18
42045,21.1
42047,0.8
42049,6.8
42051,4.1
42053,25.3
42055,3.4
42057,1.3
42059,2.8
42061,5.2
42063,2.1
42065,0.4
42067,1
42069,2.5
42071,3.4
42073,3.5
42075,2
42077,5.5
42079,3.7
42081,4.8
42083,2.3
42085,5.6
42087,0.5
42089,13.5
42091,8.9
42093,1.7
42095,5
42097,2.4
42099,0.9
42101,40.8
42103,5.3
42105,0.3
42107,2.8
42109,0.9
42111,2.4
42113,2.3
42115,0.6
42117,0.6
42119,6.2
42121,0.7
42123,0.4
42125,3
42127,2.8
42129,2.2
42131,1
42133,5.3
51013,8.8
51043,5.3
51047,13.8
51059,9.4
51061,7.3
51069,3.8
51091,0
51107,7.2
51113,8.2
51139,1.3
51153,20.3
51157,4.5
51165,2.3
51171,1.7
51179,17.2
51187,4.2
51510,21.1
51600,4.9
51610,4.6
51660,6.4
51683,13.2
51685,12.7
51840,10
54001,0.8
54003,7.3
54009,1.6
54023,1.5
54027,1
54029,1.8
54031,5.5
54033,1.5
54037,6.1
54041,0.1
54049,3.4
54057,3.3
54061,3.5
54065,1
54071,3.3
54075,0.4
54077,4.9
54083,2.1
54091,1.2
54093,0.2
54097,1.8
54101,0
9001,10.6
9003,12.9
9005,1.4
9007,4.9
9009,12.4
9011,5.1
9013,2.9
9015,1.7
23001,2.1
23005,2.9
23011,0.7
23013,0.4
23015,0.3
23017,0.3
23023,0.7
23027,0.4
23031,0.7
25001,2.8
25003,2.6
25005,3.9
25007,4.1
25009,3.2
25011,1.3
25013,7.7
25015,2.5
25017,4.9
25019,6.5
25021,6.7
25023,9.5
25025,20.1
25027,4.5
33001,0.6
33003,0.4
33005,0.7
33009,1
33011,2.3
33013,1.3
33015,0.7
33017,0.9
33019,0.6
34017,10.5
36001,11.5
36005,29.2
36021,4.3
36027,9.7
36031,2.9
36047,29.9
36059,11.1
36061,12.4
36079,2.7
36081,17.2
36083,5.9
36087,11.3
36091,1.5
36093,9.4
36103,7.2
36113,1.1
36115,2.7
36119,13.4
44001,1.2
44003,1.6
44005,3.5
44007,8.2
44009,1.2
50001,1.2
50003,0.5
50005,0.7
50007,2.5
50015,0.8
50017,0.6
50021,0.8
50023,0.8
50025,1
50027,0.7
23003,0.9
23007,0.2
23009,0.8
23019,0.8
23021,0.4
23025,0.5
23029,0.4
26001,0.3
26003,7.6
26007,0.5
26009,0.4
26013,9.2
26029,0.4
26031,0.7
26033,5.9
26039,0.7
26041,0.3
26043,0.6
26047,0.7
26053,3.8
26055,0.8
26061,0.7
26071,0.5
26079,0.8
26083,0.9
26089,0.4
26095,6.5
26097,3.2
26103,1.6
26109,0.3
26119,0.2
26131,0.4
26135,0.4
26137,0.5
26141,0.5
26153,0.4
27001,0.4
27003,6.1
27017,1.8
27025,1.3
27031,0
27037,6
27053,13
27059,0.4
27065,0.2
27075,0.6
27095,0.4
27115,2
27123,11.8
27137,1.5
27139,4.2
27163,4.5
33007,2.4
36019,4
50009,0.9
50011,0.5
50013,0.8
50019,0.5
55003,0.7
55005,1.5
55007,0.8
55013,0.5
55017,1.5
55019,0.2
55029,0.6
55031,1.3
55033,0.6
55035,1.1
55037,0.3
55041,0.8
55051,0.1
55067,1.2
55069,0.7
55073,0.5
55075,0.7
55078,0.2
55083,0.4
55085,0.6
55093,0.5
55095,0.4
55099,0.8
55107,0.6
55109,0.8
55113,0.2
55115,0.4
55119,0.2
55125,0.3
55129,0.2
72001,0
72003,0
72005,0.1
72007,0
72009,0
72011,0
72013,0
72015,0
72017,0
72019,0
72021,0.1
72023,0
72025,0
72027,0
72029,0
72031,0.1
72033,0
72035,0
72037,0.1
72039,0
72041,0.1
72043,0
72045,0
72047,0
72049,0
72051,0
72053,0.1
72054,0
72055,0
72057,0.1
72059,0
72061,0.1
72063,0.5
72065,0
72067,0
72069,0
72071,0.1
72073,0
72075,0
72077,0
72079,0
72081,0
72083,0
72085,0.1
72087,0
72089,0
72091,0.3
72093,0
72095,0
72097,0
72099,0.1
72101,0
72103,0
72105,0
72107,0.1
72109,0
72111,0
72113,0
72115,0.3
72117,0.1
72119,0
72121,0
72123,0
72125,0
72127,0.1
72129,0
72131,0
72133,0
72135,0.1
72137,0.1
72139,0
72141,0
72143,0.3
72145,0
72147,0
72149,0
72151,0
72153,0