"","vax","work","pe_combined"
"1",50.5,19.1127272727273,0.0775718988208719
"2",50.5,20.1127272727273,0.0794519419713519
"3",50.5,21.1127272727273,0.0791502837429097
"4",50.5,22.1127272727273,0.0749664441890657
"5",50.5,23.1127272727273,0.0756018271581051
"6",50.5,24.1127272727273,0.068560516113492
"7",50.5,25.1127272727273,0.0666819892689541
"8",50.5,26.1127272727273,0.0645241018065425
"9",50.5,27.1127272727273,0.0632699703977425
"10",50.5,28.1127272727273,0.0629132166160318
"11",50.5,29.1127272727273,0.0617943765584479
"12",50.5,30.1127272727273,0.0532443001917568
"13",50.5,31.1127272727273,0.0605816186188774
"14",50.5,32.1127272727273,0.0561263498043208
"15",50.5,33.1127272727273,0.0481033158493897
"16",50.5,34.1127272727273,0.0532508757725093
"17",50.5,35.1127272727273,0.0420030797524369
"18",50.5,36.1127272727273,0.0465397034133427
"19",50.5,37.1127272727273,0.0462554483297158
"20",50.5,38.1127272727273,0.0414133744860654
"21",50.5,39.1127272727273,0.0391360511475178
"22",50.5,40.1127272727273,0.0339806728922472
"23",50.5,41.1127272727273,0.03927648009783
"24",50.5,42.1127272727273,0.0347930506399864
"25",50.5,43.1127272727273,0.0304191708506416
"26",50.5,44.1127272727273,0.0308695653644229
"27",50.5,45.1127272727273,0.0279960187305916
"28",50.5,46.1127272727273,0.031379859457746
"29",50.5,47.1127272727273,0.0202520758669244
"30",50.5,48.1127272727273,0.0221837150864248
"31",50.5,49.1127272727273,0.0205360402611952
"32",50.5,50.1127272727273,0.0145737772453239
"33",50.5,51.1127272727273,0.018936753178014
"34",50.5,52.1127272727273,0.0161327155089297
"35",50.5,53.1127272727273,0.0110413484681909
"36",50.5,54.1127272727273,0.0144019804593341
"37",50.5,55.1127272727273,0.00721546507349985
"38",50.5,56.1127272727273,0.00883415897397366
"39",50.5,57.1127272727273,0.00163045808381927
"40",50.5,58.1127272727273,0.00631098746327217
"41",50.5,59.1127272727273,-0.00633550733937567
"42",51.5,19.1127272727273,0.101604500147209
"43",51.5,20.1127272727273,0.0993388470476669
"44",51.5,21.1127272727273,0.0964407642689182
"45",51.5,22.1127272727273,0.0934449454947819
"46",51.5,23.1127272727273,0.0964790397163046
"47",51.5,24.1127272727273,0.0884701098038791
"48",51.5,25.1127272727273,0.0854766931783512
"49",51.5,26.1127272727273,0.0862502807780672
"50",51.5,27.1127272727273,0.0845456351717555
"51",51.5,28.1127272727273,0.0773658249143152
"52",51.5,29.1127272727273,0.0768868688793956
"53",51.5,30.1127272727273,0.0812988133784103
"54",51.5,31.1127272727273,0.0774835995381554
"55",51.5,32.1127272727273,0.0762597771055226
"56",51.5,33.1127272727273,0.0684776433206765
"57",51.5,34.1127272727273,0.0699532670854641
"58",51.5,35.1127272727273,0.0692312864269964
"59",51.5,36.1127272727273,0.0669531524318045
"60",51.5,37.1127272727273,0.0623324943079118
"61",51.5,38.1127272727273,0.0603705338322118
"62",51.5,39.1127272727273,0.0579425579971722
"63",51.5,40.1127272727273,0.0577840627085508
"64",51.5,41.1127272727273,0.0576557972402387
"65",51.5,42.1127272727273,0.0513841506665347
"66",51.5,43.1127272727273,0.052843178925461
"67",51.5,44.1127272727273,0.049802964683536
"68",51.5,45.1127272727273,0.0499272628383162
"69",51.5,46.1127272727273,0.0457650788873264
"70",51.5,47.1127272727273,0.0461978094927351
"71",51.5,48.1127272727273,0.0389148321839051
"72",51.5,49.1127272727273,0.0382088235668351
"73",51.5,50.1127272727273,0.0453984573746786
"74",51.5,51.1127272727273,0.041135265592371
"75",51.5,52.1127272727273,0.0347846951648378
"76",51.5,53.1127272727273,0.035880538656195
"77",51.5,54.1127272727273,0.030838531710235
"78",51.5,55.1127272727273,0.0290327890960556
"79",51.5,56.1127272727273,0.0259484932000275
"80",51.5,57.1127272727273,0.0246383018006442
"81",51.5,58.1127272727273,0.0165263175274272
"82",51.5,59.1127272727273,0.0222053617848509
"83",52.5,19.1127272727273,0.118983549901872
"84",52.5,20.1127272727273,0.123339379172639
"85",52.5,21.1127272727273,0.114932250153074
"86",52.5,22.1127272727273,0.114236809736727
"87",52.5,23.1127272727273,0.108741166166049
"88",52.5,24.1127272727273,0.107325998992998
"89",52.5,25.1127272727273,0.108004315180054
"90",52.5,26.1127272727273,0.103446239526613
"91",52.5,27.1127272727273,0.102380197438971
"92",52.5,28.1127272727273,0.101831710064116
"93",52.5,29.1127272727273,0.098245133183096
"94",52.5,30.1127272727273,0.0983711903128456
"95",52.5,31.1127272727273,0.092089666012908
"96",52.5,32.1127272727273,0.0926423856493143
"97",52.5,33.1127272727273,0.0889850898431535
"98",52.5,34.1127272727273,0.0905074355164318
"99",52.5,35.1127272727273,0.0873694033134354
"100",52.5,36.1127272727273,0.0845734757701074
"101",52.5,37.1127272727273,0.0826287706315007
"102",52.5,38.1127272727273,0.0788265823668679
"103",52.5,39.1127272727273,0.0779683234544715
"104",52.5,40.1127272727273,0.0778616566972982
"105",52.5,41.1127272727273,0.0807234526744741
"106",52.5,42.1127272727273,0.0715248567444221
"107",52.5,43.1127272727273,0.0722360637737667
"108",52.5,44.1127272727273,0.071559787249525
"109",52.5,45.1127272727273,0.066678205241328
"110",52.5,46.1127272727273,0.066335532955547
"111",52.5,47.1127272727273,0.0661736006624656
"112",52.5,48.1127272727273,0.0615762443961597
"113",52.5,49.1127272727273,0.0559004536458296
"114",52.5,50.1127272727273,0.0569891857243824
"115",52.5,51.1127272727273,0.0517728929139072
"116",52.5,52.1127272727273,0.0490919036454596
"117",52.5,53.1127272727273,0.0469014414663608
"118",52.5,54.1127272727273,0.0493271339179661
"119",52.5,55.1127272727273,0.0472527115493665
"120",52.5,56.1127272727273,0.0441571249313879
"121",52.5,57.1127272727273,0.044264583646999
"122",52.5,58.1127272727273,0.042112059067746
"123",52.5,59.1127272727273,0.0402487312174251
"124",53.5,19.1127272727273,0.138268388140181
"125",53.5,20.1127272727273,0.135776049543048
"126",53.5,21.1127272727273,0.137363892972927
"127",53.5,22.1127272727273,0.137255248513045
"128",53.5,23.1127272727273,0.130948922373339
"129",53.5,24.1127272727273,0.132877532538383
"130",53.5,25.1127272727273,0.121532223592798
"131",53.5,26.1127272727273,0.123721582551095
"132",53.5,27.1127272727273,0.124185457863402
"133",53.5,28.1127272727273,0.121080757880588
"134",53.5,29.1127272727273,0.119233851995146
"135",53.5,30.1127272727273,0.113913262500558
"136",53.5,31.1127272727273,0.118859263188408
"137",53.5,32.1127272727273,0.113605778829174
"138",53.5,33.1127272727273,0.113309241497983
"139",53.5,34.1127272727273,0.109173590369956
"140",53.5,35.1127272727273,0.103921828714006
"141",53.5,36.1127272727273,0.106179585559132
"142",53.5,37.1127272727273,0.100902643588201
"143",53.5,38.1127272727273,0.0983485211352148
"144",53.5,39.1127272727273,0.0958427522097438
"145",53.5,40.1127272727273,0.0962228789687765
"146",53.5,41.1127272727273,0.0951301150852144
"147",53.5,42.1127272727273,0.0868903182018969
"148",53.5,43.1127272727273,0.094534495885199
"149",53.5,44.1127272727273,0.0858037779051777
"150",53.5,45.1127272727273,0.0859366347176462
"151",53.5,46.1127272727273,0.0820520722490321
"152",53.5,47.1127272727273,0.0854264847452386
"153",53.5,48.1127272727273,0.0795380539511793
"154",53.5,49.1127272727273,0.0752203942931873
"155",53.5,50.1127272727273,0.0740568529292345
"156",53.5,51.1127272727273,0.0727835021448017
"157",53.5,52.1127272727273,0.0716927023343221
"158",53.5,53.1127272727273,0.0696911374112052
"159",53.5,54.1127272727273,0.0717051594570135
"160",53.5,55.1127272727273,0.0663838163067407
"161",53.5,56.1127272727273,0.0624477753689198
"162",53.5,57.1127272727273,0.0653284575988606
"163",53.5,58.1127272727273,0.057773390246414
"164",53.5,59.1127272727273,0.0582623626556684
"165",54.5,19.1127272727273,0.157809036536976
"166",54.5,20.1127272727273,0.152347053413827
"167",54.5,21.1127272727273,0.157814448699737
"168",54.5,22.1127272727273,0.153848326765752
"169",54.5,23.1127272727273,0.147340755474444
"170",54.5,24.1127272727273,0.147288458148156
"171",54.5,25.1127272727273,0.144039845079877
"172",54.5,26.1127272727273,0.141358069400538
"173",54.5,27.1127272727273,0.140459047847787
"174",54.5,28.1127272727273,0.137375608469797
"175",54.5,29.1127272727273,0.139056782641007
"176",54.5,30.1127272727273,0.139121838896927
"177",54.5,31.1127272727273,0.138032520971006
"178",54.5,32.1127272727273,0.130781040632471
"179",54.5,33.1127272727273,0.132679328678453
"180",54.5,34.1127272727273,0.129559823840635
"181",54.5,35.1127272727273,0.126133727985423
"182",54.5,36.1127272727273,0.119119505724461
"183",54.5,37.1127272727273,0.12038018095541
"184",54.5,38.1127272727273,0.117609279501502
"185",54.5,39.1127272727273,0.114298108131932
"186",54.5,40.1127272727273,0.117851801903812
"187",54.5,41.1127272727273,0.115607570088267
"188",54.5,42.1127272727273,0.11114768195195
"189",54.5,43.1127272727273,0.107782228111025
"190",54.5,44.1127272727273,0.10720208303956
"191",54.5,45.1127272727273,0.105880883323935
"192",54.5,46.1127272727273,0.102882500128363
"193",54.5,47.1127272727273,0.0991326872801164
"194",54.5,48.1127272727273,0.100889435253313
"195",54.5,49.1127272727273,0.0973784226024413
"196",54.5,50.1127272727273,0.0925853309527863
"197",54.5,51.1127272727273,0.0916915085070396
"198",54.5,52.1127272727273,0.0940980598588613
"199",54.5,53.1127272727273,0.0911499361556709
"200",54.5,54.1127272727273,0.0864115588482579
"201",54.5,55.1127272727273,0.0798376880261842
"202",54.5,56.1127272727273,0.0816373419535921
"203",54.5,57.1127272727273,0.0847255682180453
"204",54.5,58.1127272727273,0.0787010004128879
"205",54.5,59.1127272727273,0.0796614675964051
"206",55.5,19.1127272727273,0.178103594488336
"207",55.5,20.1127272727273,0.172589818319369
"208",55.5,21.1127272727273,0.168924749827232
"209",55.5,22.1127272727273,0.168356630519861
"210",55.5,23.1127272727273,0.167727913377549
"211",55.5,24.1127272727273,0.17072835086482
"212",55.5,25.1127272727273,0.165343299014497
"213",55.5,26.1127272727273,0.16418447730796
"214",55.5,27.1127272727273,0.163074211828521
"215",55.5,28.1127272727273,0.157808619035847
"216",55.5,29.1127272727273,0.156843331981295
"217",55.5,30.1127272727273,0.152590618906069
"218",55.5,31.1127272727273,0.156546515640851
"219",55.5,32.1127272727273,0.148558934815144
"220",55.5,33.1127272727273,0.148820543289187
"221",55.5,34.1127272727273,0.141902945643114
"222",55.5,35.1127272727273,0.142044634921775
"223",55.5,36.1127272727273,0.142902926608606
"224",55.5,37.1127272727273,0.139464952630348
"225",55.5,38.1127272727273,0.133704906150124
"226",55.5,39.1127272727273,0.134274672151989
"227",55.5,40.1127272727273,0.135824844023468
"228",55.5,41.1127272727273,0.133505119688917
"229",55.5,42.1127272727273,0.135113224638637
"230",55.5,43.1127272727273,0.129752623167273
"231",55.5,44.1127272727273,0.125926567780846
"232",55.5,45.1127272727273,0.126849368437899
"233",55.5,46.1127272727273,0.120231121309682
"234",55.5,47.1127272727273,0.124749007055402
"235",55.5,48.1127272727273,0.116213743327779
"236",55.5,49.1127272727273,0.115880231169806
"237",55.5,50.1127272727273,0.112317899237552
"238",55.5,51.1127272727273,0.111258278217218
"239",55.5,52.1127272727273,0.106588922502269
"240",55.5,53.1127272727273,0.111515539205004
"241",55.5,54.1127272727273,0.108181619056937
"242",55.5,55.1127272727273,0.103615096199776
"243",55.5,56.1127272727273,0.0978504415594743
"244",55.5,57.1127272727273,0.101317606388901
"245",55.5,58.1127272727273,0.0935830503583484
"246",55.5,59.1127272727273,0.0915324631835955
"247",56.5,19.1127272727273,0.196635321967251
"248",56.5,20.1127272727273,0.194234756937065
"249",56.5,21.1127272727273,0.194634637150758
"250",56.5,22.1127272727273,0.193152483706761
"251",56.5,23.1127272727273,0.186564891812483
"252",56.5,24.1127272727273,0.188082141236859
"253",56.5,25.1127272727273,0.18495843484224
"254",56.5,26.1127272727273,0.178309368574747
"255",56.5,27.1127272727273,0.181684593343005
"256",56.5,28.1127272727273,0.177709460294843
"257",56.5,29.1127272727273,0.177025951704329
"258",56.5,30.1127272727273,0.175508044182355
"259",56.5,31.1127272727273,0.169748403602531
"260",56.5,32.1127272727273,0.170090077050327
"261",56.5,33.1127272727273,0.17194986355246
"262",56.5,34.1127272727273,0.168824696379283
"263",56.5,35.1127272727273,0.166656768182963
"264",56.5,36.1127272727273,0.162191925689363
"265",56.5,37.1127272727273,0.160382800110657
"266",56.5,38.1127272727273,0.153523920563185
"267",56.5,39.1127272727273,0.156572689745748
"268",56.5,40.1127272727273,0.153415276662952
"269",56.5,41.1127272727273,0.148590129403684
"270",56.5,42.1127272727273,0.149949732006147
"271",56.5,43.1127272727273,0.148252871275572
"272",56.5,44.1127272727273,0.146729144500253
"273",56.5,45.1127272727273,0.143698322977809
"274",56.5,46.1127272727273,0.141993443720204
"275",56.5,47.1127272727273,0.14075419766923
"276",56.5,48.1127272727273,0.138674295254996
"277",56.5,49.1127272727273,0.13366671831135
"278",56.5,50.1127272727273,0.131156153309161
"279",56.5,51.1127272727273,0.134138018610269
"280",56.5,52.1127272727273,0.128592570047235
"281",56.5,53.1127272727273,0.123900233674703
"282",56.5,54.1127272727273,0.120206624188798
"283",56.5,55.1127272727273,0.126236831153155
"284",56.5,56.1127272727273,0.120294332616722
"285",56.5,57.1127272727273,0.122177727132365
"286",56.5,58.1127272727273,0.120792331781623
"287",56.5,59.1127272727273,0.120029076506871
"288",57.5,19.1127272727273,0.214525078547862
"289",57.5,20.1127272727273,0.211950818499094
"290",57.5,21.1127272727273,0.210240253592566
"291",57.5,22.1127272727273,0.208417885140813
"292",57.5,23.1127272727273,0.205991778353124
"293",57.5,24.1127272727273,0.209013370078934
"294",57.5,25.1127272727273,0.202555385687412
"295",57.5,26.1127272727273,0.200351289047007
"296",57.5,27.1127272727273,0.199693499883245
"297",57.5,28.1127272727273,0.196797300301752
"298",57.5,29.1127272727273,0.194804785470999
"299",57.5,30.1127272727273,0.190328283876348
"300",57.5,31.1127272727273,0.194494237392929
"301",57.5,32.1127272727273,0.189231007887146
"302",57.5,33.1127272727273,0.18650188850328
"303",57.5,34.1127272727273,0.188840611530053
"304",57.5,35.1127272727273,0.18231585190101
"305",57.5,36.1127272727273,0.180519105735569
"306",57.5,37.1127272727273,0.178336267951213
"307",57.5,38.1127272727273,0.178372863388134
"308",57.5,39.1127272727273,0.174314393963143
"309",57.5,40.1127272727273,0.175143603230095
"310",57.5,41.1127272727273,0.17059322829886
"311",57.5,42.1127272727273,0.167669203559409
"312",57.5,43.1127272727273,0.167093310731412
"313",57.5,44.1127272727273,0.164773126584273
"314",57.5,45.1127272727273,0.165148884087958
"315",57.5,46.1127272727273,0.161252908312447
"316",57.5,47.1127272727273,0.160259969624594
"317",57.5,48.1127272727273,0.155184441241803
"318",57.5,49.1127272727273,0.158789671133813
"319",57.5,50.1127272727273,0.148531513119635
"320",57.5,51.1127272727273,0.149534900918654
"321",57.5,52.1127272727273,0.151700228008945
"322",57.5,53.1127272727273,0.149040803525966
"323",57.5,54.1127272727273,0.14527177835875
"324",57.5,55.1127272727273,0.141648898452982
"325",57.5,56.1127272727273,0.139856146963573
"326",57.5,57.1127272727273,0.138513279748509
"327",57.5,58.1127272727273,0.135661327988616
"328",57.5,59.1127272727273,0.137955693134783
"329",58.5,19.1127272727273,0.236823145368151
"330",58.5,20.1127272727273,0.234556262346034
"331",58.5,21.1127272727273,0.231231751501175
"332",58.5,22.1127272727273,0.225946217894363
"333",58.5,23.1127272727273,0.22865446484622
"334",58.5,24.1127272727273,0.222927023639963
"335",58.5,25.1127272727273,0.223364533656832
"336",58.5,26.1127272727273,0.222671435170137
"337",58.5,27.1127272727273,0.220545893703637
"338",58.5,28.1127272727273,0.216705924487657
"339",58.5,29.1127272727273,0.213739874502805
"340",58.5,30.1127272727273,0.216249220277853
"341",58.5,31.1127272727273,0.208755790288888
"342",58.5,32.1127272727273,0.211880594340728
"343",58.5,33.1127272727273,0.207843004085422
"344",58.5,34.1127272727273,0.206403936445983
"345",58.5,35.1127272727273,0.200524011670892
"346",58.5,36.1127272727273,0.202164593642486
"347",58.5,37.1127272727273,0.198618955525637
"348",58.5,38.1127272727273,0.198570817458456
"349",58.5,39.1127272727273,0.191962122224777
"350",58.5,40.1127272727273,0.191988075845604
"351",58.5,41.1127272727273,0.192457954756834
"352",58.5,42.1127272727273,0.189110431861486
"353",58.5,43.1127272727273,0.189504897456304
"354",58.5,44.1127272727273,0.18828667109599
"355",58.5,45.1127272727273,0.182412203333371
"356",58.5,46.1127272727273,0.181375017952443
"357",58.5,47.1127272727273,0.178174355224872
"358",58.5,48.1127272727273,0.18241956577947
"359",58.5,49.1127272727273,0.173453202287742
"360",58.5,50.1127272727273,0.170336023030428
"361",58.5,51.1127272727273,0.172589927749985
"362",58.5,52.1127272727273,0.17113632487488
"363",58.5,53.1127272727273,0.168750971723438
"364",58.5,54.1127272727273,0.166738799654575
"365",58.5,55.1127272727273,0.163258985021001
"366",58.5,56.1127272727273,0.158162645467016
"367",58.5,57.1127272727273,0.159649759162657
"368",58.5,58.1127272727273,0.154898810704981
"369",58.5,59.1127272727273,0.15901322081168
"370",59.5,19.1127272727273,0.254432798882349
"371",59.5,20.1127272727273,0.251101454648279
"372",59.5,21.1127272727273,0.247545047162394
"373",59.5,22.1127272727273,0.244600832339737
"374",59.5,23.1127272727273,0.247721294432806
"375",59.5,24.1127272727273,0.244822656824111
"376",59.5,25.1127272727273,0.244212154045636
"377",59.5,26.1127272727273,0.241473133000448
"378",59.5,27.1127272727273,0.239828051198043
"379",59.5,28.1127272727273,0.232811858826384
"380",59.5,29.1127272727273,0.235813082424624
"381",59.5,30.1127272727273,0.232987449364291
"382",59.5,31.1127272727273,0.231552695072936
"383",59.5,32.1127272727273,0.227680205731151
"384",59.5,33.1127272727273,0.225466935097209
"385",59.5,34.1127272727273,0.222417125305645
"386",59.5,35.1127272727273,0.22101942234215
"387",59.5,36.1127272727273,0.21988669335278
"388",59.5,37.1127272727273,0.213521288910793
"389",59.5,38.1127272727273,0.213760264189209
"390",59.5,39.1127272727273,0.215004911055609
"391",59.5,40.1127272727273,0.209031293870984
"392",59.5,41.1127272727273,0.210175129394421
"393",59.5,42.1127272727273,0.205330722388665
"394",59.5,43.1127272727273,0.208367375533886
"395",59.5,44.1127272727273,0.206185071048292
"396",59.5,45.1127272727273,0.203616173761401
"397",59.5,46.1127272727273,0.195603071398859
"398",59.5,47.1127272727273,0.195864384594258
"399",59.5,48.1127272727273,0.195363827238222
"400",59.5,49.1127272727273,0.192321896531343
"401",59.5,50.1127272727273,0.193857534992774
"402",59.5,51.1127272727273,0.191703146939761
"403",59.5,52.1127272727273,0.190015736522546
"404",59.5,53.1127272727273,0.187475934497712
"405",59.5,54.1127272727273,0.180808205785856
"406",59.5,55.1127272727273,0.184676983609164
"407",59.5,56.1127272727273,0.184369564678301
"408",59.5,57.1127272727273,0.174745561637608
"409",59.5,58.1127272727273,0.179894205086762
"410",59.5,59.1127272727273,0.172084683314435
"411",60.5,19.1127272727273,0.27550379093758
"412",60.5,20.1127272727273,0.272503499003498
"413",60.5,21.1127272727273,0.270189702983873
"414",60.5,22.1127272727273,0.267197728822392
"415",60.5,23.1127272727273,0.266351498698849
"416",60.5,24.1127272727273,0.262856377713405
"417",60.5,25.1127272727273,0.262709532388091
"418",60.5,26.1127272727273,0.260178704282823
"419",60.5,27.1127272727273,0.258555915192374
"420",60.5,28.1127272727273,0.253255310680233
"421",60.5,29.1127272727273,0.253512994078822
"422",60.5,30.1127272727273,0.247809000630408
"423",60.5,31.1127272727273,0.249597670692352
"424",60.5,32.1127272727273,0.248433525734666
"425",60.5,33.1127272727273,0.246217226757509
"426",60.5,34.1127272727273,0.244370305851776
"427",60.5,35.1127272727273,0.238259718072649
"428",60.5,36.1127272727273,0.240639155133075
"429",60.5,37.1127272727273,0.235699576527851
"430",60.5,38.1127272727273,0.237958733298477
"431",60.5,39.1127272727273,0.22977750107737
"432",60.5,40.1127272727273,0.231072612639699
"433",60.5,41.1127272727273,0.225858252972212
"434",60.5,42.1127272727273,0.227833031371426
"435",60.5,43.1127272727273,0.225562069170467
"436",60.5,44.1127272727273,0.223172807098054
"437",60.5,45.1127272727273,0.223985797818084
"438",60.5,46.1127272727273,0.223915011348333
"439",60.5,47.1127272727273,0.217567991848324
"440",60.5,48.1127272727273,0.220208561650129
"441",60.5,49.1127272727273,0.213014988779051
"442",60.5,50.1127272727273,0.212757273618125
"443",60.5,51.1127272727273,0.20878671906906
"444",60.5,52.1127272727273,0.206244840940103
"445",60.5,53.1127272727273,0.205144439887652
"446",60.5,54.1127272727273,0.201719727746709
"447",60.5,55.1127272727273,0.199922418050615
"448",60.5,56.1127272727273,0.196362285818821
"449",60.5,57.1127272727273,0.197030522713829
"450",60.5,58.1127272727273,0.195513377676049
"451",60.5,59.1127272727273,0.192432132876932
"452",61.5,19.1127272727273,0.293460055314788
"453",61.5,20.1127272727273,0.290443688796147
"454",61.5,21.1127272727273,0.289275769292434
"455",61.5,22.1127272727273,0.28639564102285
"456",61.5,23.1127272727273,0.287689174933943
"457",61.5,24.1127272727273,0.284506797468165
"458",61.5,25.1127272727273,0.280299864361668
"459",61.5,26.1127272727273,0.282178798456644
"460",61.5,27.1127272727273,0.27864146160103
"461",61.5,28.1127272727273,0.277324855032026
"462",61.5,29.1127272727273,0.275782536045911
"463",61.5,30.1127272727273,0.272076322023251
"464",61.5,31.1127272727273,0.268016149395164
"465",61.5,32.1127272727273,0.270014245381445
"466",61.5,33.1127272727273,0.261560362745494
"467",61.5,34.1127272727273,0.260823633260672
"468",61.5,35.1127272727273,0.259709251879975
"469",61.5,36.1127272727273,0.257435950359906
"470",61.5,37.1127272727273,0.257514232565023
"471",61.5,38.1127272727273,0.256219252712134
"472",61.5,39.1127272727273,0.254268909210572
"473",61.5,40.1127272727273,0.251687189023215
"474",61.5,41.1127272727273,0.248330544189624
"475",61.5,42.1127272727273,0.242234992047114
"476",61.5,43.1127272727273,0.244383975889311
"477",61.5,44.1127272727273,0.242988118873412
"478",61.5,45.1127272727273,0.242463878273857
"479",61.5,46.1127272727273,0.235473008634843
"480",61.5,47.1127272727273,0.233813940056315
"481",61.5,48.1127272727273,0.234210138510679
"482",61.5,49.1127272727273,0.232837769768814
"483",61.5,50.1127272727273,0.230965895122059
"484",61.5,51.1127272727273,0.230309208319271
"485",61.5,52.1127272727273,0.226065031282169
"486",61.5,53.1127272727273,0.222107706186561
"487",61.5,54.1127272727273,0.219703358112789
"488",61.5,55.1127272727273,0.21980040253019
"489",61.5,56.1127272727273,0.217072944328193
"490",61.5,57.1127272727273,0.217866061547347
"491",61.5,58.1127272727273,0.210971601644326
"492",61.5,59.1127272727273,0.212421932978788
"493",62.5,19.1127272727273,0.315357306124595
"494",62.5,20.1127272727273,0.311646978270031
"495",62.5,21.1127272727273,0.310005709550665
"496",62.5,22.1127272727273,0.307959899169033
"497",62.5,23.1127272727273,0.303611835711043
"498",62.5,24.1127272727273,0.301473538183372
"499",62.5,25.1127272727273,0.299409836733553
"500",62.5,26.1127272727273,0.295551898821338
"501",62.5,27.1127272727273,0.296540055259267
"502",62.5,28.1127272727273,0.294376411278869
"503",62.5,29.1127272727273,0.291735730084502
"504",62.5,30.1127272727273,0.289144762717286
"505",62.5,31.1127272727273,0.287570964498422
"506",62.5,32.1127272727273,0.28577961344785
"507",62.5,33.1127272727273,0.286788296020472
"508",62.5,34.1127272727273,0.284003589623389
"509",62.5,35.1127272727273,0.282570755021965
"510",62.5,36.1127272727273,0.27346360446706
"511",62.5,37.1127272727273,0.276446091642788
"512",62.5,38.1127272727273,0.270808517277248
"513",62.5,39.1127272727273,0.272044538091989
"514",62.5,40.1127272727273,0.268533615644121
"515",62.5,41.1127272727273,0.267753033620902
"516",62.5,42.1127272727273,0.265222079397197
"517",62.5,43.1127272727273,0.26235496060707
"518",62.5,44.1127272727273,0.263793147443368
"519",62.5,45.1127272727273,0.260079610092902
"520",62.5,46.1127272727273,0.257509431467309
"521",62.5,47.1127272727273,0.255583718288091
"522",62.5,48.1127272727273,0.255228000974005
"523",62.5,49.1127272727273,0.25053877790027
"524",62.5,50.1127272727273,0.248984684407289
"525",62.5,51.1127272727273,0.246792190330855
"526",62.5,52.1127272727273,0.249285610371644
"527",62.5,53.1127272727273,0.240679679397264
"528",62.5,54.1127272727273,0.240970389991218
"529",62.5,55.1127272727273,0.237441370001105
"530",62.5,56.1127272727273,0.238071119847342
"531",62.5,57.1127272727273,0.236872745111533
"532",62.5,58.1127272727273,0.234168468319899
"533",62.5,59.1127272727273,0.230040475149163
"534",63.5,19.1127272727273,0.332653759700326
"535",63.5,20.1127272727273,0.330724517586629
"536",63.5,21.1127272727273,0.333363877583177
"537",63.5,22.1127272727273,0.324982223916626
"538",63.5,23.1127272727273,0.324787739179802
"539",63.5,24.1127272727273,0.319846456417978
"540",63.5,25.1127272727273,0.313763373925302
"541",63.5,26.1127272727273,0.318617548158322
"542",63.5,27.1127272727273,0.317251996274788
"543",63.5,28.1127272727273,0.314327097604504
"544",63.5,29.1127272727273,0.311311077169793
"545",63.5,30.1127272727273,0.307804083025193
"546",63.5,31.1127272727273,0.304052667474679
"547",63.5,32.1127272727273,0.302979882090206
"548",63.5,33.1127272727273,0.305317196456221
"549",63.5,34.1127272727273,0.301680503127893
"550",63.5,35.1127272727273,0.301063406736329
"551",63.5,36.1127272727273,0.298455835753466
"552",63.5,37.1127272727273,0.292132224129976
"553",63.5,38.1127272727273,0.293896290455889
"554",63.5,39.1127272727273,0.294632870247446
"555",63.5,40.1127272727273,0.29181250100345
"556",63.5,41.1127272727273,0.290507591596502
"557",63.5,42.1127272727273,0.281842047207314
"558",63.5,43.1127272727273,0.283597744846012
"559",63.5,44.1127272727273,0.283092601750903
"560",63.5,45.1127272727273,0.282803257851185
"561",63.5,46.1127272727273,0.275401722427843
"562",63.5,47.1127272727273,0.272741206800281
"563",63.5,48.1127272727273,0.274203208407056
"564",63.5,49.1127272727273,0.272507375375471
"565",63.5,50.1127272727273,0.269887563172908
"566",63.5,51.1127272727273,0.267021066394235
"567",63.5,52.1127272727273,0.264604569154791
"568",63.5,53.1127272727273,0.262866844335782
"569",63.5,54.1127272727273,0.260090497689008
"570",63.5,55.1127272727273,0.26070497425098
"571",63.5,56.1127272727273,0.255038821671575
"572",63.5,57.1127272727273,0.251918847841318
"573",63.5,58.1127272727273,0.254634429789213
"574",63.5,59.1127272727273,0.252121309321868
"575",64.5,19.1127272727273,0.349549391303767
"576",64.5,20.1127272727273,0.352744002746924
"577",64.5,21.1127272727273,0.348443609010657
"578",64.5,22.1127272727273,0.348589537294928
"579",64.5,23.1127272727273,0.344308421719866
"580",64.5,24.1127272727273,0.339641162155825
"581",64.5,25.1127272727273,0.340798118435245
"582",64.5,26.1127272727273,0.338430320586424
"583",64.5,27.1127272727273,0.334611225603117
"584",64.5,28.1127272727273,0.331698347037099
"585",64.5,29.1127272727273,0.333129066605002
"586",64.5,30.1127272727273,0.328953389911196
"587",64.5,31.1127272727273,0.330851947827979
"588",64.5,32.1127272727273,0.321115659096766
"589",64.5,33.1127272727273,0.321242744477948
"590",64.5,34.1127272727273,0.323771855995833
"591",64.5,35.1127272727273,0.320379695063562
"592",64.5,36.1127272727273,0.319379501361466
"593",64.5,37.1127272727273,0.313973777222072
"594",64.5,38.1127272727273,0.314890207573568
"595",64.5,39.1127272727273,0.308173108717368
"596",64.5,40.1127272727273,0.310387794483489
"597",64.5,41.1127272727273,0.306104519874167
"598",64.5,42.1127272727273,0.303841192278298
"599",64.5,43.1127272727273,0.302464144476714
"600",64.5,44.1127272727273,0.296590599018418
"601",64.5,45.1127272727273,0.298324412171724
"602",64.5,46.1127272727273,0.296998556727381
"603",64.5,47.1127272727273,0.29577183709568
"604",64.5,48.1127272727273,0.293490184024435
"605",64.5,49.1127272727273,0.290648798857857
"606",64.5,50.1127272727273,0.285745702986733
"607",64.5,51.1127272727273,0.290491009025134
"608",64.5,52.1127272727273,0.282481094309963
"609",64.5,53.1127272727273,0.282926312211029
"610",64.5,54.1127272727273,0.276831138598929
"611",64.5,55.1127272727273,0.277370215387318
"612",64.5,56.1127272727273,0.275193699982167
"613",64.5,57.1127272727273,0.275816877547942
"614",64.5,58.1127272727273,0.270812099656169
"615",64.5,59.1127272727273,0.270307881275472
"616",65.5,19.1127272727273,0.370228141569435
"617",65.5,20.1127272727273,0.365885922643411
"618",65.5,21.1127272727273,0.365231179463584
"619",65.5,22.1127272727273,0.365846427695204
"620",65.5,23.1127272727273,0.36069322767552
"621",65.5,24.1127272727273,0.359430744500766
"622",65.5,25.1127272727273,0.360162744416827
"623",65.5,26.1127272727273,0.357488653781775
"624",65.5,27.1127272727273,0.353828663778051
"625",65.5,28.1127272727273,0.350640345839903
"626",65.5,29.1127272727273,0.34801020872315
"627",65.5,30.1127272727273,0.347246648605834
"628",65.5,31.1127272727273,0.345163889674766
"629",65.5,32.1127272727273,0.344630208658238
"630",65.5,33.1127272727273,0.341791329356333
"631",65.5,34.1127272727273,0.341786135725089
"632",65.5,35.1127272727273,0.337056732923323
"633",65.5,36.1127272727273,0.335326924843793
"634",65.5,37.1127272727273,0.332302291185708
"635",65.5,38.1127272727273,0.330535358735214
"636",65.5,39.1127272727273,0.328773342699983
"637",65.5,40.1127272727273,0.329154186208658
"638",65.5,41.1127272727273,0.33018292683923
"639",65.5,42.1127272727273,0.325147845793114
"640",65.5,43.1127272727273,0.320821922093139
"641",65.5,44.1127272727273,0.320144403424753
"642",65.5,45.1127272727273,0.318186611901102
"643",65.5,46.1127272727273,0.314277831842827
"644",65.5,47.1127272727273,0.311949991509961
"645",65.5,48.1127272727273,0.310300516345626
"646",65.5,49.1127272727273,0.308174828984174
"647",65.5,50.1127272727273,0.30679383747181
"648",65.5,51.1127272727273,0.306309640080434
"649",65.5,52.1127272727273,0.302334098392301
"650",65.5,53.1127272727273,0.300767129662985
"651",65.5,54.1127272727273,0.298567406596745
"652",65.5,55.1127272727273,0.299437486854072
"653",65.5,56.1127272727273,0.29774674926286
"654",65.5,57.1127272727273,0.291111236133547
"655",65.5,58.1127272727273,0.292527213394349
"656",65.5,59.1127272727273,0.288852114032143
"657",66.5,19.1127272727273,0.388959914399704
"658",66.5,20.1127272727273,0.389985875532566
"659",66.5,21.1127272727273,0.385580036368268
"660",66.5,22.1127272727273,0.384857912625411
"661",66.5,23.1127272727273,0.383770340837589
"662",66.5,24.1127272727273,0.378192087323922
"663",66.5,25.1127272727273,0.376051767530551
"664",66.5,26.1127272727273,0.378195077957086
"665",66.5,27.1127272727273,0.37316752253084
"666",66.5,28.1127272727273,0.369783357720776
"667",66.5,29.1127272727273,0.369764529969729
"668",66.5,30.1127272727273,0.367125775890822
"669",66.5,31.1127272727273,0.36435785093424
"670",66.5,32.1127272727273,0.361590908605996
"671",66.5,33.1127272727273,0.359069734907129
"672",66.5,34.1127272727273,0.35578118655191
"673",66.5,35.1127272727273,0.355771280819347
"674",66.5,36.1127272727273,0.354419585368256
"675",66.5,37.1127272727273,0.354074407770849
"676",66.5,38.1127272727273,0.352915587166163
"677",66.5,39.1127272727273,0.347410112001937
"678",66.5,40.1127272727273,0.343141350645044
"679",66.5,41.1127272727273,0.347347855184387
"680",66.5,42.1127272727273,0.343525023135649
"681",66.5,43.1127272727273,0.344598607167399
"682",66.5,44.1127272727273,0.338688628442651
"683",66.5,45.1127272727273,0.337493871654791
"684",66.5,46.1127272727273,0.333817117052739
"685",66.5,47.1127272727273,0.332802355858797
"686",66.5,48.1127272727273,0.332191708401876
"687",66.5,49.1127272727273,0.326706000800337
"688",66.5,50.1127272727273,0.325993725510108
"689",66.5,51.1127272727273,0.321061732208581
"690",66.5,52.1127272727273,0.321518750722846
"691",66.5,53.1127272727273,0.316811060958708
"692",66.5,54.1127272727273,0.320198296092886
"693",66.5,55.1127272727273,0.315755837782103
"694",66.5,56.1127272727273,0.316729830908094
"695",66.5,57.1127272727273,0.313796831402113
"696",66.5,58.1127272727273,0.311519476678491
"697",66.5,59.1127272727273,0.308051531788674
"698",67.5,19.1127272727273,0.408517633946658
"699",67.5,20.1127272727273,0.408230479383758
"700",67.5,21.1127272727273,0.406362213469346
"701",67.5,22.1127272727273,0.402068089049885
"702",67.5,23.1127272727273,0.39762795905212
"703",67.5,24.1127272727273,0.401016540229746
"704",67.5,25.1127272727273,0.395105943164567
"705",67.5,26.1127272727273,0.396090546381202
"706",67.5,27.1127272727273,0.391236616474646
"707",67.5,28.1127272727273,0.392900778932439
"708",67.5,29.1127272727273,0.387689779192096
"709",67.5,30.1127272727273,0.388609960466065
"710",67.5,31.1127272727273,0.383323470709194
"711",67.5,32.1127272727273,0.378693661414276
"712",67.5,33.1127272727273,0.381994902760638
"713",67.5,34.1127272727273,0.381031709265692
"714",67.5,35.1127272727273,0.373389360083334
"715",67.5,36.1127272727273,0.37354890712005
"716",67.5,37.1127272727273,0.372261148529521
"717",67.5,38.1127272727273,0.370406575647223
"718",67.5,39.1127272727273,0.368885297559113
"719",67.5,40.1127272727273,0.367956115736126
"720",67.5,41.1127272727273,0.364361844219681
"721",67.5,42.1127272727273,0.362588411332606
"722",67.5,43.1127272727273,0.361101244298355
"723",67.5,44.1127272727273,0.3587359807736
"724",67.5,45.1127272727273,0.357525049671196
"725",67.5,46.1127272727273,0.355568801200605
"726",67.5,47.1127272727273,0.351592693686105
"727",67.5,48.1127272727273,0.351448746726909
"728",67.5,49.1127272727273,0.349313291314952
"729",67.5,50.1127272727273,0.344794273288279
"730",67.5,51.1127272727273,0.344727121913059
"731",67.5,52.1127272727273,0.340664303747571
"732",67.5,53.1127272727273,0.340314528136853
"733",67.5,54.1127272727273,0.339372937821809
"734",67.5,55.1127272727273,0.33362450119167
"735",67.5,56.1127272727273,0.333102247669319
"736",67.5,57.1127272727273,0.329468380689583
"737",67.5,58.1127272727273,0.330270199029046
"738",67.5,59.1127272727273,0.327484532784934
"739",68.5,19.1127272727273,0.429110022836527
"740",68.5,20.1127272727273,0.425237798454004
"741",68.5,21.1127272727273,0.421612976082447
"742",68.5,22.1127272727273,0.419833887895746
"743",68.5,23.1127272727273,0.422251949408303
"744",68.5,24.1127272727273,0.420527253161845
"745",68.5,25.1127272727273,0.416858430548779
"746",68.5,26.1127272727273,0.415273332450324
"747",68.5,27.1127272727273,0.411831467271933
"748",68.5,28.1127272727273,0.408708327279895
"749",68.5,29.1127272727273,0.407037760544547
"750",68.5,30.1127272727273,0.406323876686755
"751",68.5,31.1127272727273,0.403225437794209
"752",68.5,32.1127272727273,0.402928993761968
"753",68.5,33.1127272727273,0.397722932196403
"754",68.5,34.1127272727273,0.397761295879498
"755",68.5,35.1127272727273,0.393178596405849
"756",68.5,36.1127272727273,0.395883496562322
"757",68.5,37.1127272727273,0.388429665041915
"758",68.5,38.1127272727273,0.386582332434374
"759",68.5,39.1127272727273,0.388843974050818
"760",68.5,40.1127272727273,0.384675802444248
"761",68.5,41.1127272727273,0.384352417240138
"762",68.5,42.1127272727273,0.381944586334783
"763",68.5,43.1127272727273,0.37919780439482
"764",68.5,44.1127272727273,0.376524970520292
"765",68.5,45.1127272727273,0.377693546293062
"766",68.5,46.1127272727273,0.372320812788935
"767",68.5,47.1127272727273,0.373701075731556
"768",68.5,48.1127272727273,0.37139902649432
"769",68.5,49.1127272727273,0.36600202111801
"770",68.5,50.1127272727273,0.368267371758825
"771",68.5,51.1127272727273,0.364444619474622
"772",68.5,52.1127272727273,0.356899256317242
"773",68.5,53.1127272727273,0.357378970485816
"774",68.5,54.1127272727273,0.358323458014735
"775",68.5,55.1127272727273,0.351816442402472
"776",68.5,56.1127272727273,0.355774527914507
"777",68.5,57.1127272727273,0.346202841873888
"778",68.5,58.1127272727273,0.346988699917762
"779",68.5,59.1127272727273,0.345009501118773
"780",69.5,19.1127272727273,0.444797359954477
"781",69.5,20.1127272727273,0.446085931977968
"782",69.5,21.1127272727273,0.442719829683989
"783",69.5,22.1127272727273,0.441005061219439
"784",69.5,23.1127272727273,0.441564224001597
"785",69.5,24.1127272727273,0.43641928607226
"786",69.5,25.1127272727273,0.434609990595546
"787",69.5,26.1127272727273,0.433218072631477
"788",69.5,27.1127272727273,0.428987738253509
"789",69.5,28.1127272727273,0.429780823453692
"790",69.5,29.1127272727273,0.425202567632189
"791",69.5,30.1127272727273,0.426275141556042
"792",69.5,31.1127272727273,0.420996200445136
"793",69.5,32.1127272727273,0.421099280632394
"794",69.5,33.1127272727273,0.419466557797678
"795",69.5,34.1127272727273,0.415864894814428
"796",69.5,35.1127272727273,0.414324557975297
"797",69.5,36.1127272727273,0.411845671626079
"798",69.5,37.1127272727273,0.411182176218335
"799",69.5,38.1127272727273,0.410037893455845
"800",69.5,39.1127272727273,0.407684642484933
"801",69.5,40.1127272727273,0.407894796557995
"802",69.5,41.1127272727273,0.40176964296732
"803",69.5,42.1127272727273,0.39939424668178
"804",69.5,43.1127272727273,0.398213432322925
"805",69.5,44.1127272727273,0.397683852538652
"806",69.5,45.1127272727273,0.393264898256028
"807",69.5,46.1127272727273,0.393794393366547
"808",69.5,47.1127272727273,0.394015515365175
"809",69.5,48.1127272727273,0.388997685250748
"810",69.5,49.1127272727273,0.386612961301591
"811",69.5,50.1127272727273,0.384302943510353
"812",69.5,51.1127272727273,0.381931591883112
"813",69.5,52.1127272727273,0.380966339478478
"814",69.5,53.1127272727273,0.379255221588853
"815",69.5,54.1127272727273,0.375655362586001
"816",69.5,55.1127272727273,0.374288210490886
"817",69.5,56.1127272727273,0.377087870868131
"818",69.5,57.1127272727273,0.372648941922369
"819",69.5,58.1127272727273,0.36947726473609
"820",69.5,59.1127272727273,0.368423816518557
"821",70.5,19.1127272727273,0.465691188521673
"822",70.5,20.1127272727273,0.466502354318091
"823",70.5,21.1127272727273,0.462166046194142
"824",70.5,22.1127272727273,0.461314056698708
"825",70.5,23.1127272727273,0.459039833031601
"826",70.5,24.1127272727273,0.458811494124359
"827",70.5,25.1127272727273,0.452739657880954
"828",70.5,26.1127272727273,0.452526769859342
"829",70.5,27.1127272727273,0.448586364479507
"830",70.5,28.1127272727273,0.451907721734555
"831",70.5,29.1127272727273,0.446427877603333
"832",70.5,30.1127272727273,0.440813395775468
"833",70.5,31.1127272727273,0.44128962809579
"834",70.5,32.1127272727273,0.441227154433152
"835",70.5,33.1127272727273,0.438705048948661
"836",70.5,34.1127272727273,0.43423429915781
"837",70.5,35.1127272727273,0.435467217619581
"838",70.5,36.1127272727273,0.433997839890057
"839",70.5,37.1127272727273,0.430862293894032
"840",70.5,38.1127272727273,0.429602848509785
"841",70.5,39.1127272727273,0.428410439571742
"842",70.5,40.1127272727273,0.426461702453561
"843",70.5,41.1127272727273,0.420480428744583
"844",70.5,42.1127272727273,0.420584750900148
"845",70.5,43.1127272727273,0.414785105997085
"846",70.5,44.1127272727273,0.414437358907599
"847",70.5,45.1127272727273,0.415123256334067
"848",70.5,46.1127272727273,0.412544628967314
"849",70.5,47.1127272727273,0.412079846544893
"850",70.5,48.1127272727273,0.408068190284001
"851",70.5,49.1127272727273,0.403779619074168
"852",70.5,50.1127272727273,0.404043233428238
"853",70.5,51.1127272727273,0.402219239071905
"854",70.5,52.1127272727273,0.400676244530499
"855",70.5,53.1127272727273,0.398666398376234
"856",70.5,54.1127272727273,0.397574282847808
"857",70.5,55.1127272727273,0.391871359620865
"858",70.5,56.1127272727273,0.389183302829372
"859",70.5,57.1127272727273,0.390538194066551
"860",70.5,58.1127272727273,0.38773904382475
"861",70.5,59.1127272727273,0.385183656309823
"862",71.5,19.1127272727273,0.484799561577592
"863",71.5,20.1127272727273,0.483946502751178
"864",71.5,21.1127272727273,0.481516502471794
"865",71.5,22.1127272727273,0.479734469197458
"866",71.5,23.1127272727273,0.478414899900663
"867",71.5,24.1127272727273,0.474828748265482
"868",71.5,25.1127272727273,0.475534768255989
"869",71.5,26.1127272727273,0.471272855885892
"870",71.5,27.1127272727273,0.469414276588253
"871",71.5,28.1127272727273,0.467640823805701
"872",71.5,29.1127272727273,0.468880204755071
"873",71.5,30.1127272727273,0.463715460146198
"874",71.5,31.1127272727273,0.460511934341709
"875",71.5,32.1127272727273,0.46045248617114
"876",71.5,33.1127272727273,0.457867569411467
"877",71.5,34.1127272727273,0.455699337820394
"878",71.5,35.1127272727273,0.45581441364077
"879",71.5,36.1127272727273,0.451461431975875
"880",71.5,37.1127272727273,0.4501382751543
"881",71.5,38.1127272727273,0.447647976089204
"882",71.5,39.1127272727273,0.44766862154239
"883",71.5,40.1127272727273,0.443137927212847
"884",71.5,41.1127272727273,0.4408142152099
"885",71.5,42.1127272727273,0.439906554405677
"886",71.5,43.1127272727273,0.436869361900713
"887",71.5,44.1127272727273,0.437890474152824
"888",71.5,45.1127272727273,0.435129751883838
"889",71.5,46.1127272727273,0.433145305120326
"890",71.5,47.1127272727273,0.43237687721419
"891",71.5,48.1127272727273,0.426839357764185
"892",71.5,49.1127272727273,0.427963633322729
"893",71.5,50.1127272727273,0.423023966481967
"894",71.5,51.1127272727273,0.421818446335344
"895",71.5,52.1127272727273,0.419705004409195
"896",71.5,53.1127272727273,0.418954485186793
"897",71.5,54.1127272727273,0.414347446582604
"898",71.5,55.1127272727273,0.414076804833026
"899",71.5,56.1127272727273,0.409766227617935
"900",71.5,57.1127272727273,0.408348819892791
"901",71.5,58.1127272727273,0.406148722934602
"902",71.5,59.1127272727273,0.405492550730649
"903",72.5,19.1127272727273,0.507005135376153
"904",72.5,20.1127272727273,0.503290222046361
"905",72.5,21.1127272727273,0.501711044698073
"906",72.5,22.1127272727273,0.498636127603995
"907",72.5,23.1127272727273,0.497551225657325
"908",72.5,24.1127272727273,0.493853626477302
"909",72.5,25.1127272727273,0.48989971485161
"910",72.5,26.1127272727273,0.488770561036516
"911",72.5,27.1127272727273,0.490001136956549
"912",72.5,28.1127272727273,0.488837326982164
"913",72.5,29.1127272727273,0.482682550472481
"914",72.5,30.1127272727273,0.483707289250906
"915",72.5,31.1127272727273,0.479959313425463
"916",72.5,32.1127272727273,0.479356876924597
"917",72.5,33.1127272727273,0.477756922906229
"918",72.5,34.1127272727273,0.474692175023812
"919",72.5,35.1127272727273,0.474224057558806
"920",72.5,36.1127272727273,0.470324198117458
"921",72.5,37.1127272727273,0.468510915772589
"922",72.5,38.1127272727273,0.467788747484382
"923",72.5,39.1127272727273,0.466441379767305
"924",72.5,40.1127272727273,0.465002407482509
"925",72.5,41.1127272727273,0.459688377527355
"926",72.5,42.1127272727273,0.456705415047891
"927",72.5,43.1127272727273,0.458634975858301
"928",72.5,44.1127272727273,0.455990139731854
"929",72.5,45.1127272727273,0.451735585193124
"930",72.5,46.1127272727273,0.450288551452002
"931",72.5,47.1127272727273,0.447395533188574
"932",72.5,48.1127272727273,0.449525503405409
"933",72.5,49.1127272727273,0.445362833086401
"934",72.5,50.1127272727273,0.441126894167959
"935",72.5,51.1127272727273,0.43897914079322
"936",72.5,52.1127272727273,0.436222613461338
"937",72.5,53.1127272727273,0.436310161499166
"938",72.5,54.1127272727273,0.435149453065461
"939",72.5,55.1127272727273,0.432238737438788
"940",72.5,56.1127272727273,0.429755783462926
"941",72.5,57.1127272727273,0.429605353104672
"942",72.5,58.1127272727273,0.425891968271487
"943",72.5,59.1127272727273,0.426484025024042
"944",73.5,19.1127272727273,0.52350174240295
"945",73.5,20.1127272727273,0.521891175128205
"946",73.5,21.1127272727273,0.517857836004937
"947",73.5,22.1127272727273,0.519452900243209
"948",73.5,23.1127272727273,0.517558468994038
"949",73.5,24.1127272727273,0.514744967516364
"950",73.5,25.1127272727273,0.512755050450916
"951",73.5,26.1127272727273,0.509588625366704
"952",73.5,27.1127272727273,0.507413431973491
"953",73.5,28.1127272727273,0.504331478764383
"954",73.5,29.1127272727273,0.503684492401446
"955",73.5,30.1127272727273,0.50215474421683
"956",73.5,31.1127272727273,0.498224323097638
"957",73.5,32.1127272727273,0.498227366307914
"958",73.5,33.1127272727273,0.494576712708132
"959",73.5,34.1127272727273,0.496411335050462
"960",73.5,35.1127272727273,0.491672920120615
"961",73.5,36.1127272727273,0.489881513845682
"962",73.5,37.1127272727273,0.486819454810278
"963",73.5,38.1127272727273,0.486669051362623
"964",73.5,39.1127272727273,0.484868411012917
"965",73.5,40.1127272727273,0.480854135951519
"966",73.5,41.1127272727273,0.479747003481661
"967",73.5,42.1127272727273,0.478008268360244
"968",73.5,43.1127272727273,0.477867159805478
"969",73.5,44.1127272727273,0.474961020689418
"970",73.5,45.1127272727273,0.470568891916465
"971",73.5,46.1127272727273,0.471787739047033
"972",73.5,47.1127272727273,0.469506907921256
"973",73.5,48.1127272727273,0.468668333879253
"974",73.5,49.1127272727273,0.465311172571779
"975",73.5,50.1127272727273,0.461364033305296
"976",73.5,51.1127272727273,0.45495237429019
"977",73.5,52.1127272727273,0.459275469081527
"978",73.5,53.1127272727273,0.457033092153568
"979",73.5,54.1127272727273,0.457119539763783
"980",73.5,55.1127272727273,0.453871871681222
"981",73.5,56.1127272727273,0.449794607692959
"982",73.5,57.1127272727273,0.446225717008065
"983",73.5,58.1127272727273,0.445647783016644
"984",73.5,59.1127272727273,0.44376134208601
"985",74.5,19.1127272727273,0.542339146454553
"986",74.5,20.1127272727273,0.54299647823333
"987",74.5,21.1127272727273,0.536012897448125
"988",74.5,22.1127272727273,0.534902417670797
"989",74.5,23.1127272727273,0.539931454422471
"990",74.5,24.1127272727273,0.533223169354733
"991",74.5,25.1127272727273,0.533101028408649
"992",74.5,26.1127272727273,0.529936678786051
"993",74.5,27.1127272727273,0.52711698081093
"994",74.5,28.1127272727273,0.525778199558934
"995",74.5,29.1127272727273,0.522606402172632
"996",74.5,30.1127272727273,0.522256780935672
"997",74.5,31.1127272727273,0.519734002114651
"998",74.5,32.1127272727273,0.519303719769935
"999",74.5,33.1127272727273,0.514758068240486
"1000",74.5,34.1127272727273,0.512777604140139
"1001",74.5,35.1127272727273,0.51203033698769
"1002",74.5,36.1127272727273,0.508601336670649
"1003",74.5,37.1127272727273,0.507473886618579
"1004",74.5,38.1127272727273,0.507916064210773
"1005",74.5,39.1127272727273,0.505389086419086
"1006",74.5,40.1127272727273,0.503671679152832
"1007",74.5,41.1127272727273,0.498314697953779
"1008",74.5,42.1127272727273,0.496636905032119
"1009",74.5,43.1127272727273,0.495126362771105
"1010",74.5,44.1127272727273,0.494520612386402
"1011",74.5,45.1127272727273,0.488466798361947
"1012",74.5,46.1127272727273,0.490016750584342
"1013",74.5,47.1127272727273,0.485805780976361
"1014",74.5,48.1127272727273,0.484739322200214
"1015",74.5,49.1127272727273,0.483605957847245
"1016",74.5,50.1127272727273,0.481358798257371
"1017",74.5,51.1127272727273,0.4791883633406
"1018",74.5,52.1127272727273,0.475431121811397
"1019",74.5,53.1127272727273,0.474109139555221
"1020",74.5,54.1127272727273,0.473640595426495
"1021",74.5,55.1127272727273,0.469769285603143
"1022",74.5,56.1127272727273,0.469474685974515
"1023",74.5,57.1127272727273,0.463510453747948
"1024",74.5,58.1127272727273,0.465470063634693
"1025",74.5,59.1127272727273,0.46265625557495
"1026",75.5,19.1127272727273,0.561926744769753
"1027",75.5,20.1127272727273,0.560439231255218
"1028",75.5,21.1127272727273,0.557074573210025
"1029",75.5,22.1127272727273,0.557454532022296
"1030",75.5,23.1127272727273,0.556578504454233
"1031",75.5,24.1127272727273,0.553657144129444
"1032",75.5,25.1127272727273,0.550103716360157
"1033",75.5,26.1127272727273,0.550148430047067
"1034",75.5,27.1127272727273,0.547678277110271
"1035",75.5,28.1127272727273,0.544307424219933
"1036",75.5,29.1127272727273,0.543160839112594
"1037",75.5,30.1127272727273,0.54114495770402
"1038",75.5,31.1127272727273,0.537000801879878
"1039",75.5,32.1127272727273,0.538138433445184
"1040",75.5,33.1127272727273,0.53312467272708
"1041",75.5,34.1127272727273,0.531594173737339
"1042",75.5,35.1127272727273,0.528560502167525
"1043",75.5,36.1127272727273,0.530041995473241
"1044",75.5,37.1127272727273,0.52683234460875
"1045",75.5,38.1127272727273,0.525648008403516
"1046",75.5,39.1127272727273,0.521704005536797
"1047",75.5,40.1127272727273,0.520739583405648
"1048",75.5,41.1127272727273,0.519060009327591
"1049",75.5,42.1127272727273,0.518486734473861
"1050",75.5,43.1127272727273,0.515458736435478
"1051",75.5,44.1127272727273,0.512482053115591
"1052",75.5,45.1127272727273,0.510247204287659
"1053",75.5,46.1127272727273,0.508486049076381
"1054",75.5,47.1127272727273,0.506366996744677
"1055",75.5,48.1127272727273,0.507091869492622
"1056",75.5,49.1127272727273,0.503354691471347
"1057",75.5,50.1127272727273,0.501301045203396
"1058",75.5,51.1127272727273,0.498945975170425
"1059",75.5,52.1127272727273,0.497316130007369
"1060",75.5,53.1127272727273,0.493249361501716
"1061",75.5,54.1127272727273,0.493602845528165
"1062",75.5,55.1127272727273,0.488370165968449
"1063",75.5,56.1127272727273,0.48470500271289
"1064",75.5,57.1127272727273,0.487876661552832
"1065",75.5,58.1127272727273,0.481805578982712
"1066",75.5,59.1127272727273,0.484382922932548
"1067",76.5,19.1127272727273,0.582245681783997
"1068",76.5,20.1127272727273,0.579897276286838
"1069",76.5,21.1127272727273,0.579015858981988
"1070",76.5,22.1127272727273,0.575357659681392
"1071",76.5,23.1127272727273,0.572670670332739
"1072",76.5,24.1127272727273,0.573743152714122
"1073",76.5,25.1127272727273,0.572583869858912
"1074",76.5,26.1127272727273,0.567975934654183
"1075",76.5,27.1127272727273,0.565510824984967
"1076",76.5,28.1127272727273,0.564152506419179
"1077",76.5,29.1127272727273,0.563649962020943
"1078",76.5,30.1127272727273,0.561214660758536
"1079",76.5,31.1127272727273,0.557639901300031
"1080",76.5,32.1127272727273,0.556568577443565
"1081",76.5,33.1127272727273,0.555249491146078
"1082",76.5,34.1127272727273,0.552422351431668
"1083",76.5,35.1127272727273,0.549582074167762
"1084",76.5,36.1127272727273,0.549051326296956
"1085",76.5,37.1127272727273,0.544867883121423
"1086",76.5,38.1127272727273,0.544265307045271
"1087",76.5,39.1127272727273,0.540567801950349
"1088",76.5,40.1127272727273,0.53860179475065
"1089",76.5,41.1127272727273,0.53694755049243
"1090",76.5,42.1127272727273,0.536185719843541
"1091",76.5,43.1127272727273,0.53427684677341
"1092",76.5,44.1127272727273,0.531831355610895
"1093",76.5,45.1127272727273,0.528515574687822
"1094",76.5,46.1127272727273,0.527876459205458
"1095",76.5,47.1127272727273,0.526913722475483
"1096",76.5,48.1127272727273,0.521918523495183
"1097",76.5,49.1127272727273,0.525604923099194
"1098",76.5,50.1127272727273,0.519588273522936
"1099",76.5,51.1127272727273,0.518762139246046
"1100",76.5,52.1127272727273,0.515100688805987
"1101",76.5,53.1127272727273,0.510692057000467
"1102",76.5,54.1127272727273,0.511417234773168
"1103",76.5,55.1127272727273,0.507898579011893
"1104",76.5,56.1127272727273,0.506115807257678
"1105",76.5,57.1127272727273,0.505598584082524
"1106",76.5,58.1127272727273,0.503531331582978
"1107",76.5,59.1127272727273,0.500954122651566
"1108",77.5,19.1127272727273,0.600970670101641
"1109",77.5,20.1127272727273,0.600179012249406
"1110",77.5,21.1127272727273,0.598017689732892
"1111",77.5,22.1127272727273,0.592992120192285
"1112",77.5,23.1127272727273,0.593532385554541
"1113",77.5,24.1127272727273,0.592367813370713
"1114",77.5,25.1127272727273,0.589182598609941
"1115",77.5,26.1127272727273,0.588307788289266
"1116",77.5,27.1127272727273,0.58433388272329
"1117",77.5,28.1127272727273,0.582991071601635
"1118",77.5,29.1127272727273,0.580192251440115
"1119",77.5,30.1127272727273,0.578198544517546
"1120",77.5,31.1127272727273,0.5777114726153
"1121",77.5,32.1127272727273,0.57557823893482
"1122",77.5,33.1127272727273,0.572446103678062
"1123",77.5,34.1127272727273,0.571746159949518
"1124",77.5,35.1127272727273,0.569777658022877
"1125",77.5,36.1127272727273,0.568951607816058
"1126",77.5,37.1127272727273,0.564910186227335
"1127",77.5,38.1127272727273,0.561852474467823
"1128",77.5,39.1127272727273,0.561168011802403
"1129",77.5,40.1127272727273,0.559908568848461
"1130",77.5,41.1127272727273,0.55636767773742
"1131",77.5,42.1127272727273,0.556121185244534
"1132",77.5,43.1127272727273,0.554140614459469
"1133",77.5,44.1127272727273,0.551409190339189
"1134",77.5,45.1127272727273,0.549790099202429
"1135",77.5,46.1127272727273,0.547131890642994
"1136",77.5,47.1127272727273,0.547007888348103
"1137",77.5,48.1127272727273,0.54399103127347
"1138",77.5,49.1127272727273,0.542457885465056
"1139",77.5,50.1127272727273,0.541072029298879
"1140",77.5,51.1127272727273,0.535863629972536
"1141",77.5,52.1127272727273,0.536077725418674
"1142",77.5,53.1127272727273,0.53403241855245
"1143",77.5,54.1127272727273,0.531563720570352
"1144",77.5,55.1127272727273,0.52635029138316
"1145",77.5,56.1127272727273,0.524921408757285
"1146",77.5,57.1127272727273,0.526815207316478
"1147",77.5,58.1127272727273,0.523408788290406
"1148",77.5,59.1127272727273,0.519365882519574
"1149",78.5,19.1127272727273,0.622489464937249
"1150",78.5,20.1127272727273,0.619940451482879
"1151",78.5,21.1127272727273,0.616971543198966
"1152",78.5,22.1127272727273,0.613762501072347
"1153",78.5,23.1127272727273,0.612583002927616
"1154",78.5,24.1127272727273,0.610977390485834
"1155",78.5,25.1127272727273,0.61123516820636
"1156",78.5,26.1127272727273,0.606383027884893
"1157",78.5,27.1127272727273,0.607556692324706
"1158",78.5,28.1127272727273,0.601161082484802
"1159",78.5,29.1127272727273,0.601080525182576
"1160",78.5,30.1127272727273,0.5968713609775
"1161",78.5,31.1127272727273,0.596793416745208
"1162",78.5,32.1127272727273,0.595488034301054
"1163",78.5,33.1127272727273,0.594525787764872
"1164",78.5,34.1127272727273,0.589612949045262
"1165",78.5,35.1127272727273,0.589295322780905
"1166",78.5,36.1127272727273,0.587880466137397
"1167",78.5,37.1127272727273,0.585255074134323
"1168",78.5,38.1127272727273,0.583124655494555
"1169",78.5,39.1127272727273,0.578605050696714
"1170",78.5,40.1127272727273,0.577227710895155
"1171",78.5,41.1127272727273,0.577548170059784
"1172",78.5,42.1127272727273,0.574501579361227
"1173",78.5,43.1127272727273,0.5720199659889
"1174",78.5,44.1127272727273,0.570757381246836
"1175",78.5,45.1127272727273,0.568653681450212
"1176",78.5,46.1127272727273,0.567419930105433
"1177",78.5,47.1127272727273,0.564039150899161
"1178",78.5,48.1127272727273,0.564129176177372
"1179",78.5,49.1127272727273,0.558951509832705
"1180",78.5,50.1127272727273,0.557608117160013
"1181",78.5,51.1127272727273,0.554907298077127
"1182",78.5,52.1127272727273,0.553581880539141
"1183",78.5,53.1127272727273,0.552909049788831
"1184",78.5,54.1127272727273,0.548508616836266
"1185",78.5,55.1127272727273,0.545061595970613
"1186",78.5,56.1127272727273,0.546659935845964
"1187",78.5,57.1127272727273,0.5447947892361
"1188",78.5,58.1127272727273,0.540963666560947
"1189",78.5,59.1127272727273,0.541458802705641
"1190",79.5,19.1127272727273,0.640756557231415
"1191",79.5,20.1127272727273,0.63822482308138
"1192",79.5,21.1127272727273,0.636818797447103
"1193",79.5,22.1127272727273,0.635835536893375
"1194",79.5,23.1127272727273,0.632006727152319
"1195",79.5,24.1127272727273,0.629703673212412
"1196",79.5,25.1127272727273,0.629183193519513
"1197",79.5,26.1127272727273,0.626552917804656
"1198",79.5,27.1127272727273,0.624692583207343
"1199",79.5,28.1127272727273,0.620762370026789
"1200",79.5,29.1127272727273,0.621850990090195
"1201",79.5,30.1127272727273,0.61778598493568
"1202",79.5,31.1127272727273,0.617122953209404
"1203",79.5,32.1127272727273,0.6129368122583
"1204",79.5,33.1127272727273,0.61289376710854
"1205",79.5,34.1127272727273,0.610741444254761
"1206",79.5,35.1127272727273,0.608033561545559
"1207",79.5,36.1127272727273,0.604572618144482
"1208",79.5,37.1127272727273,0.603978507622383
"1209",79.5,38.1127272727273,0.600562336295938
"1210",79.5,39.1127272727273,0.599593231741507
"1211",79.5,40.1127272727273,0.597216112228583
"1212",79.5,41.1127272727273,0.597679194503281
"1213",79.5,42.1127272727273,0.59305937444186
"1214",79.5,43.1127272727273,0.593347336365371
"1215",79.5,44.1127272727273,0.591870023285562
"1216",79.5,45.1127272727273,0.588561936963725
"1217",79.5,46.1127272727273,0.585635784511244
"1218",79.5,47.1127272727273,0.582384269496108
"1219",79.5,48.1127272727273,0.580477072772437
"1220",79.5,49.1127272727273,0.581763338212998
"1221",79.5,50.1127272727273,0.576689730123588
"1222",79.5,51.1127272727273,0.577255152537603
"1223",79.5,52.1127272727273,0.574457683568108
"1224",79.5,53.1127272727273,0.572607640928797
"1225",79.5,54.1127272727273,0.567550897015021
"1226",79.5,55.1127272727273,0.566086246098847
"1227",79.5,56.1127272727273,0.564540369430174
"1228",79.5,57.1127272727273,0.563548036841412
"1229",79.5,58.1127272727273,0.562216912749485
"1230",79.5,59.1127272727273,0.560151198349076
"1231",80.5,19.1127272727273,0.660050407408954
"1232",80.5,20.1127272727273,0.656564876707297
"1233",80.5,21.1127272727273,0.654791445442783
"1234",80.5,22.1127272727273,0.653997027368213
"1235",80.5,23.1127272727273,0.651278949500963
"1236",80.5,24.1127272727273,0.649986562986979
"1237",80.5,25.1127272727273,0.648462393482828
"1238",80.5,26.1127272727273,0.644930427190608
"1239",80.5,27.1127272727273,0.643073207890245
"1240",80.5,28.1127272727273,0.641297087557887
"1241",80.5,29.1127272727273,0.639331759254841
"1242",80.5,30.1127272727273,0.638599398620048
"1243",80.5,31.1127272727273,0.635515909665083
"1244",80.5,32.1127272727273,0.631715397569695
"1245",80.5,33.1127272727273,0.631547572934115
"1246",80.5,34.1127272727273,0.6294493673013
"1247",80.5,35.1127272727273,0.626138745187121
"1248",80.5,36.1127272727273,0.626094567558343
"1249",80.5,37.1127272727273,0.623348805692493
"1250",80.5,38.1127272727273,0.622884613211477
"1251",80.5,39.1127272727273,0.620256662926289
"1252",80.5,40.1127272727273,0.617080466173736
"1253",80.5,41.1127272727273,0.614810732870463
"1254",80.5,42.1127272727273,0.612496794215295
"1255",80.5,43.1127272727273,0.610838528514472
"1256",80.5,44.1127272727273,0.610361957253366
"1257",80.5,45.1127272727273,0.607741120512073
"1258",80.5,46.1127272727273,0.604961837221826
"1259",80.5,47.1127272727273,0.60477056568996
"1260",80.5,48.1127272727273,0.600227382543716
"1261",80.5,49.1127272727273,0.5993807401094
"1262",80.5,50.1127272727273,0.597389795424286
"1263",80.5,51.1127272727273,0.594396513233227
"1264",80.5,52.1127272727273,0.590650603567509
"1265",80.5,53.1127272727273,0.592142788926037
"1266",80.5,54.1127272727273,0.588566382306153
"1267",80.5,55.1127272727273,0.587589402294814
"1268",80.5,56.1127272727273,0.5843682485758
"1269",80.5,57.1127272727273,0.583870832461009
"1270",80.5,58.1127272727273,0.581764377281493
"1271",80.5,59.1127272727273,0.578039408821129
"1272",81.5,19.1127272727273,0.680966958800462
"1273",81.5,20.1127272727273,0.676300911908338
"1274",81.5,21.1127272727273,0.67508660959813
"1275",81.5,22.1127272727273,0.673847007726288
"1276",81.5,23.1127272727273,0.670806189749059
"1277",81.5,24.1127272727273,0.670024105402481
"1278",81.5,25.1127272727273,0.666850660447884
"1279",81.5,26.1127272727273,0.664354778873658
"1280",81.5,27.1127272727273,0.663167959385595
"1281",81.5,28.1127272727273,0.661098699602546
"1282",81.5,29.1127272727273,0.659275899503056
"1283",81.5,30.1127272727273,0.656853316110878
"1284",81.5,31.1127272727273,0.653494130575184
"1285",81.5,32.1127272727273,0.652893476367438
"1286",81.5,33.1127272727273,0.651029639213801
"1287",81.5,34.1127272727273,0.649328268888718
"1288",81.5,35.1127272727273,0.646678638295846
"1289",81.5,36.1127272727273,0.644228404065513
"1290",81.5,37.1127272727273,0.642379237689026
"1291",81.5,38.1127272727273,0.63926651382235
"1292",81.5,39.1127272727273,0.637549402878431
"1293",81.5,40.1127272727273,0.637001961408711
"1294",81.5,41.1127272727273,0.633430514435017
"1295",81.5,42.1127272727273,0.632247972513348
"1296",81.5,43.1127272727273,0.630411391382254
"1297",81.5,44.1127272727273,0.629134190507774
"1298",81.5,45.1127272727273,0.627563761330006
"1299",81.5,46.1127272727273,0.625607825771475
"1300",81.5,47.1127272727273,0.623267604355395
"1301",81.5,48.1127272727273,0.619482833621253
"1302",81.5,49.1127272727273,0.618242754832211
"1303",81.5,50.1127272727273,0.616751629698409
"1304",81.5,51.1127272727273,0.612284971992346
"1305",81.5,52.1127272727273,0.610750691210828
"1306",81.5,53.1127272727273,0.608346933771559
"1307",81.5,54.1127272727273,0.608529114289324
"1308",81.5,55.1127272727273,0.603987982929601
"1309",81.5,56.1127272727273,0.605350289164918
"1310",81.5,57.1127272727273,0.602738606683116
"1311",81.5,58.1127272727273,0.601258652423557
"1312",81.5,59.1127272727273,0.595649893572578
"1313",82.5,19.1127272727273,0.699272955854206
"1314",82.5,20.1127272727273,0.69718258636735
"1315",82.5,21.1127272727273,0.695321904977104
"1316",82.5,22.1127272727273,0.69194725342512
"1317",82.5,23.1127272727273,0.690405472968646
"1318",82.5,24.1127272727273,0.687333344425105
"1319",82.5,25.1127272727273,0.686904898281376
"1320",82.5,26.1127272727273,0.682867074437784
"1321",82.5,27.1127272727273,0.682576113053253
"1322",82.5,28.1127272727273,0.679279831005932
"1323",82.5,29.1127272727273,0.677757420599971
"1324",82.5,30.1127272727273,0.676591069782791
"1325",82.5,31.1127272727273,0.674623586703017
"1326",82.5,32.1127272727273,0.671361743191523
"1327",82.5,33.1127272727273,0.670229398543595
"1328",82.5,34.1127272727273,0.668168736662157
"1329",82.5,35.1127272727273,0.665736657347436
"1330",82.5,36.1127272727273,0.66440474920398
"1331",82.5,37.1127272727273,0.661523485386462
"1332",82.5,38.1127272727273,0.65989271082597
"1333",82.5,39.1127272727273,0.656091341589504
"1334",82.5,40.1127272727273,0.654720778369279
"1335",82.5,41.1127272727273,0.655315534363528
"1336",82.5,42.1127272727273,0.650774108569258
"1337",82.5,43.1127272727273,0.649476674160215
"1338",82.5,44.1127272727273,0.648001598821056
"1339",82.5,45.1127272727273,0.645941857557014
"1340",82.5,46.1127272727273,0.643057613314238
"1341",82.5,47.1127272727273,0.642254972166882
"1342",82.5,48.1127272727273,0.640206148257154
"1343",82.5,49.1127272727273,0.636869507121646
"1344",82.5,50.1127272727273,0.634599044730609
"1345",82.5,51.1127272727273,0.631377334123545
"1346",82.5,52.1127272727273,0.631517935904135
"1347",82.5,53.1127272727273,0.63064180263165
"1348",82.5,54.1127272727273,0.626504363672847
"1349",82.5,55.1127272727273,0.625974837094795
"1350",82.5,56.1127272727273,0.622518373275793
"1351",82.5,57.1127272727273,0.621356184144906
"1352",82.5,58.1127272727273,0.619181146713373
"1353",82.5,59.1127272727273,0.616630487938811
"1354",83.5,19.1127272727273,0.717252190921779
"1355",83.5,20.1127272727273,0.716679828827919
"1356",83.5,21.1127272727273,0.71522561229076
"1357",83.5,22.1127272727273,0.711448210700504
"1358",83.5,23.1127272727273,0.709436809201943
"1359",83.5,24.1127272727273,0.708486015928498
"1360",83.5,25.1127272727273,0.706381303684263
"1361",83.5,26.1127272727273,0.703359467178947
"1362",83.5,27.1127272727273,0.702069593390088
"1363",83.5,28.1127272727273,0.699902133893494
"1364",83.5,29.1127272727273,0.697709265014757
"1365",83.5,30.1127272727273,0.695171153585426
"1366",83.5,31.1127272727273,0.694682339235633
"1367",83.5,32.1127272727273,0.690777642893475
"1368",83.5,33.1127272727273,0.688819354932178
"1369",83.5,34.1127272727273,0.687105538166365
"1370",83.5,35.1127272727273,0.685325123814058
"1371",83.5,36.1127272727273,0.681998954520815
"1372",83.5,37.1127272727273,0.681405252559854
"1373",83.5,38.1127272727273,0.679516151465663
"1374",83.5,39.1127272727273,0.676885050171245
"1375",83.5,40.1127272727273,0.676434679475555
"1376",83.5,41.1127272727273,0.673146601157138
"1377",83.5,42.1127272727273,0.6724188066521
"1378",83.5,43.1127272727273,0.669940867443417
"1379",83.5,44.1127272727273,0.666671010589994
"1380",83.5,45.1127272727273,0.663104859462238
"1381",83.5,46.1127272727273,0.662082925192388
"1382",83.5,47.1127272727273,0.660423080707992
"1383",83.5,48.1127272727273,0.659531214049295
"1384",83.5,49.1127272727273,0.657479492750969
"1385",83.5,50.1127272727273,0.653692906616595
"1386",83.5,51.1127272727273,0.652198036763204
"1387",83.5,52.1127272727273,0.65179528216386
"1388",83.5,53.1127272727273,0.650124206342536
"1389",83.5,54.1127272727273,0.645157258440293
"1390",83.5,55.1127272727273,0.6432681041541
"1391",83.5,56.1127272727273,0.642174825670263
"1392",83.5,57.1127272727273,0.641172368702401
"1393",83.5,58.1127272727273,0.63756812103822
"1394",83.5,59.1127272727273,0.636647656714301
"1395",84.5,19.1127272727273,0.738153269854484
"1396",84.5,20.1127272727273,0.735920043529081
"1397",84.5,21.1127272727273,0.732644550222975
"1398",84.5,22.1127272727273,0.731614275713023
"1399",84.5,23.1127272727273,0.729872660558244
"1400",84.5,24.1127272727273,0.728511100197012
"1401",84.5,25.1127272727273,0.723966822282249
"1402",84.5,26.1127272727273,0.72409490959092
"1403",84.5,27.1127272727273,0.722767442214438
"1404",84.5,28.1127272727273,0.718496034457317
"1405",84.5,29.1127272727273,0.71824732358002
"1406",84.5,30.1127272727273,0.713437371522473
"1407",84.5,31.1127272727273,0.712985675947047
"1408",84.5,32.1127272727273,0.71245270945411
"1409",84.5,33.1127272727273,0.708393671432375
"1410",84.5,34.1127272727273,0.706515551404684
"1411",84.5,35.1127272727273,0.705059765583257
"1412",84.5,36.1127272727273,0.703198837950703
"1413",84.5,37.1127272727273,0.701339840137696
"1414",84.5,38.1127272727273,0.699044257937605
"1415",84.5,39.1127272727273,0.696610845357563
"1416",84.5,40.1127272727273,0.694380336778004
"1417",84.5,41.1127272727273,0.691408132627978
"1418",84.5,42.1127272727273,0.690388509424714
"1419",84.5,43.1127272727273,0.68772970493597
"1420",84.5,44.1127272727273,0.685974140907039
"1421",84.5,45.1127272727273,0.683820643986716
"1422",84.5,46.1127272727273,0.683594185385903
"1423",84.5,47.1127272727273,0.679178798940569
"1424",84.5,48.1127272727273,0.680222036958667
"1425",84.5,49.1127272727273,0.677042140810536
"1426",84.5,50.1127272727273,0.672818701973441
"1427",84.5,51.1127272727273,0.672753956505563
"1428",84.5,52.1127272727273,0.66724272765305
"1429",84.5,53.1127272727273,0.667773847140294
"1430",84.5,54.1127272727273,0.66654465585844
"1431",84.5,55.1127272727273,0.665150060766865
"1432",84.5,56.1127272727273,0.661236797592239
"1433",84.5,57.1127272727273,0.65978126421911
"1434",84.5,58.1127272727273,0.659266732620504
"1435",84.5,59.1127272727273,0.655656063772108
"1436",85.5,19.1127272727273,0.756688137853555
"1437",85.5,20.1127272727273,0.754631029124381
"1438",85.5,21.1127272727273,0.750863172171279
"1439",85.5,22.1127272727273,0.750115179789627
"1440",85.5,23.1127272727273,0.747553824271531
"1441",85.5,24.1127272727273,0.746454859863866
"1442",85.5,25.1127272727273,0.745360669055212
"1443",85.5,26.1127272727273,0.742335429824709
"1444",85.5,27.1127272727273,0.73957443613365
"1445",85.5,28.1127272727273,0.737573942191551
"1446",85.5,29.1127272727273,0.736127496462014
"1447",85.5,30.1127272727273,0.733764703011794
"1448",85.5,31.1127272727273,0.731268603995701
"1449",85.5,32.1127272727273,0.729022401550602
"1450",85.5,33.1127272727273,0.72885343938825
"1451",85.5,34.1127272727273,0.72616281599302
"1452",85.5,35.1127272727273,0.724352573798098
"1453",85.5,36.1127272727273,0.722628432962093
"1454",85.5,37.1127272727273,0.720231631389064
"1455",85.5,38.1127272727273,0.716613714544679
"1456",85.5,39.1127272727273,0.717072224498215
"1457",85.5,40.1127272727273,0.712968932870021
"1458",85.5,41.1127272727273,0.711125871561969
"1459",85.5,42.1127272727273,0.710331028149487
"1460",85.5,43.1127272727273,0.70713378899475
"1461",85.5,44.1127272727273,0.704584398317954
"1462",85.5,45.1127272727273,0.70233172250979
"1463",85.5,46.1127272727273,0.702136949551659
"1464",85.5,47.1127272727273,0.699311768929714
"1465",85.5,48.1127272727273,0.697483247073388
"1466",85.5,49.1127272727273,0.695213096527634
"1467",85.5,50.1127272727273,0.693687511669827
"1468",85.5,51.1127272727273,0.691261584879537
"1469",85.5,52.1127272727273,0.69101272728581
"1470",85.5,53.1127272727273,0.687330234512916
"1471",85.5,54.1127272727273,0.684873670307857
"1472",85.5,55.1127272727273,0.682278906893978
"1473",85.5,56.1127272727273,0.681506582336912
"1474",85.5,57.1127272727273,0.678641095546693
"1475",85.5,58.1127272727273,0.677758373696569
"1476",85.5,59.1127272727273,0.674374305276634
"1477",86.5,19.1127272727273,0.776205216999387
"1478",86.5,20.1127272727273,0.774382373171012
"1479",86.5,21.1127272727273,0.772200050184015
"1480",86.5,22.1127272727273,0.770269113326526
"1481",86.5,23.1127272727273,0.768059854004378
"1482",86.5,24.1127272727273,0.765644102409708
"1483",86.5,25.1127272727273,0.763644529786683
"1484",86.5,26.1127272727273,0.760530596061252
"1485",86.5,27.1127272727273,0.759948677395924
"1486",86.5,28.1127272727273,0.757175665264697
"1487",86.5,29.1127272727273,0.754850148627981
"1488",86.5,30.1127272727273,0.753353452023719
"1489",86.5,31.1127272727273,0.750734187100868
"1490",86.5,32.1127272727273,0.750708030723094
"1491",86.5,33.1127272727273,0.747496771514551
"1492",86.5,34.1127272727273,0.745802186919277
"1493",86.5,35.1127272727273,0.744966669718885
"1494",86.5,36.1127272727273,0.742555778058041
"1495",86.5,37.1127272727273,0.740463831231761
"1496",86.5,38.1127272727273,0.737505703257637
"1497",86.5,39.1127272727273,0.734672347821256
"1498",86.5,40.1127272727273,0.732024270780515
"1499",86.5,41.1127272727273,0.731666419566539
"1500",86.5,42.1127272727273,0.729061572112247
"1501",86.5,43.1127272727273,0.728327776765805
"1502",86.5,44.1127272727273,0.724400623899632
"1503",86.5,45.1127272727273,0.72346583058887
"1504",86.5,46.1127272727273,0.721108381898224
"1505",86.5,47.1127272727273,0.71942032931213
"1506",86.5,48.1127272727273,0.715949688197873
"1507",86.5,49.1127272727273,0.715588196062688
"1508",86.5,50.1127272727273,0.712192149645183
"1509",86.5,51.1127272727273,0.710473573066646
"1510",86.5,52.1127272727273,0.708379127165543
"1511",86.5,53.1127272727273,0.70688466223629
"1512",86.5,54.1127272727273,0.703570509843001
"1513",86.5,55.1127272727273,0.702384554249506
"1514",86.5,56.1127272727273,0.701364318892543
"1515",86.5,57.1127272727273,0.697061645318003
"1516",86.5,58.1127272727273,0.696361181611441
"1517",86.5,59.1127272727273,0.693083503038173
"1518",87.5,19.1127272727273,0.794527795174686
"1519",87.5,20.1127272727273,0.792917654164667
"1520",87.5,21.1127272727273,0.791131301645887
"1521",87.5,22.1127272727273,0.789452764613179
"1522",87.5,23.1127272727273,0.786174021615263
"1523",87.5,24.1127272727273,0.784630792838704
"1524",87.5,25.1127272727273,0.783302520824333
"1525",87.5,26.1127272727273,0.781887162892355
"1526",87.5,27.1127272727273,0.778259370022848
"1527",87.5,28.1127272727273,0.777017595514347
"1528",87.5,29.1127272727273,0.775229753482755
"1529",87.5,30.1127272727273,0.772576795682864
"1530",87.5,31.1127272727273,0.770420374909867
"1531",87.5,32.1127272727273,0.769769966576908
"1532",87.5,33.1127272727273,0.767006407682445
"1533",87.5,34.1127272727273,0.76445344368315
"1534",87.5,35.1127272727273,0.761778651751699
"1535",87.5,36.1127272727273,0.760949036065111
"1536",87.5,37.1127272727273,0.758527015608056
"1537",87.5,38.1127272727273,0.755641089735045
"1538",87.5,39.1127272727273,0.753790360078754
"1539",87.5,40.1127272727273,0.752060347188955
"1540",87.5,41.1127272727273,0.750996971465733
"1541",87.5,42.1127272727273,0.74854366349129
"1542",87.5,43.1127272727273,0.745621043884082
"1543",87.5,44.1127272727273,0.744292309276236
"1544",87.5,45.1127272727273,0.742072654958714
"1545",87.5,46.1127272727273,0.741061473123408
"1546",87.5,47.1127272727273,0.738825611457898
"1547",87.5,48.1127272727273,0.735550645756181
"1548",87.5,49.1127272727273,0.73387122025174
"1549",87.5,50.1127272727273,0.732489540564079
"1550",87.5,51.1127272727273,0.729585187017063
"1551",87.5,52.1127272727273,0.726511266406393
"1552",87.5,53.1127272727273,0.725319403747366
"1553",87.5,54.1127272727273,0.724703480804949
"1554",87.5,55.1127272727273,0.721923655376691
"1555",87.5,56.1127272727273,0.72034365662755
"1556",87.5,57.1127272727273,0.718318379270457
"1557",87.5,58.1127272727273,0.717297689781848
"1558",87.5,59.1127272727273,0.713742074862516
"1559",88.5,19.1127272727273,0.814305609468241
"1560",88.5,20.1127272727273,0.812708386442364
"1561",88.5,21.1127272727273,0.809737991032727
"1562",88.5,22.1127272727273,0.808246348760531
"1563",88.5,23.1127272727273,0.806458562178175
"1564",88.5,24.1127272727273,0.804222477078985
"1565",88.5,25.1127272727273,0.801033627542121
"1566",88.5,26.1127272727273,0.801065805722175
"1567",88.5,27.1127272727273,0.797645837511245
"1568",88.5,28.1127272727273,0.79615418796661
"1569",88.5,29.1127272727273,0.793499735622133
"1570",88.5,30.1127272727273,0.792546786685748
"1571",88.5,31.1127272727273,0.789381027036687
"1572",88.5,32.1127272727273,0.787481203824135
"1573",88.5,33.1127272727273,0.785925817975122
"1574",88.5,34.1127272727273,0.783768217566554
"1575",88.5,35.1127272727273,0.781367680162273
"1576",88.5,36.1127272727273,0.779749110031991
"1577",88.5,37.1127272727273,0.778008501014715
"1578",88.5,38.1127272727273,0.775494966582264
"1579",88.5,39.1127272727273,0.774160569913825
"1580",88.5,40.1127272727273,0.771821448799213
"1581",88.5,41.1127272727273,0.768701605131851
"1582",88.5,42.1127272727273,0.767960899983278
"1583",88.5,43.1127272727273,0.765656518568961
"1584",88.5,44.1127272727273,0.763529512311468
"1585",88.5,45.1127272727273,0.761306476853575
"1586",88.5,46.1127272727273,0.760266775353798
"1587",88.5,47.1127272727273,0.758279841871939
"1588",88.5,48.1127272727273,0.755093948756773
"1589",88.5,49.1127272727273,0.752144326868262
"1590",88.5,50.1127272727273,0.752789240359797
"1591",88.5,51.1127272727273,0.748864718215795
"1592",88.5,52.1127272727273,0.747011201055047
"1593",88.5,53.1127272727273,0.743266314833068
"1594",88.5,54.1127272727273,0.743401814170234
"1595",88.5,55.1127272727273,0.74075489615645
"1596",88.5,56.1127272727273,0.738476926062953
"1597",88.5,57.1127272727273,0.736254559889591
"1598",88.5,58.1127272727273,0.735408094748371
"1599",88.5,59.1127272727273,0.733229237012912
"1600",89.5,19.1127272727273,0.832600029131408
"1601",89.5,20.1127272727273,0.830937866361491
"1602",89.5,21.1127272727273,0.829320166305419
"1603",89.5,22.1127272727273,0.826929977705365
"1604",89.5,23.1127272727273,0.825556032892366
"1605",89.5,24.1127272727273,0.824608244406587
"1606",89.5,25.1127272727273,0.820713939686096
"1607",89.5,26.1127272727273,0.819187832521696
"1608",89.5,27.1127272727273,0.817233539887577
"1609",89.5,28.1127272727273,0.815079656150175
"1610",89.5,29.1127272727273,0.81304443433828
"1611",89.5,30.1127272727273,0.810718281829815
"1612",89.5,31.1127272727273,0.80859619839185
"1613",89.5,32.1127272727273,0.807605484285526
"1614",89.5,33.1127272727273,0.805926057637022
"1615",89.5,34.1127272727273,0.803965456175471
"1616",89.5,35.1127272727273,0.801088461087326
"1617",89.5,36.1127272727273,0.798556575840314
"1618",89.5,37.1127272727273,0.797309086297702
"1619",89.5,38.1127272727273,0.79626969128435
"1620",89.5,39.1127272727273,0.794249151151978
"1621",89.5,40.1127272727273,0.791262730173609
"1622",89.5,41.1127272727273,0.787988887031925
"1623",89.5,42.1127272727273,0.787147288068799
"1624",89.5,43.1127272727273,0.784967186727811
"1625",89.5,44.1127272727273,0.783413529215635
"1626",89.5,45.1127272727273,0.78147491910779
"1627",89.5,46.1127272727273,0.779305322985861
"1628",89.5,47.1127272727273,0.776920314511719
"1629",89.5,48.1127272727273,0.774824468721076
"1630",89.5,49.1127272727273,0.77338078046866
"1631",89.5,50.1127272727273,0.769694212643478
"1632",89.5,51.1127272727273,0.769352818776162
"1633",89.5,52.1127272727273,0.766760284563587
"1634",89.5,53.1127272727273,0.764082432154903
"1635",89.5,54.1127272727273,0.762749305108175
"1636",89.5,55.1127272727273,0.760485399238427
"1637",89.5,56.1127272727273,0.757727194053583
"1638",89.5,57.1127272727273,0.75687313292447
"1639",89.5,58.1127272727273,0.75438195828197
"1640",89.5,59.1127272727273,0.752877281529853
"1641",90.5,19.1127272727273,0.852645382068525
"1642",90.5,20.1127272727273,0.85114436293525
"1643",90.5,21.1127272727273,0.848670588824155
"1644",90.5,22.1127272727273,0.846426432843006
"1645",90.5,23.1127272727273,0.84555093725621
"1646",90.5,24.1127272727273,0.842813367423973
"1647",90.5,25.1127272727273,0.840823494985898
"1648",90.5,26.1127272727273,0.838818027113809
"1649",90.5,27.1127272727273,0.836827106412811
"1650",90.5,28.1127272727273,0.834664136082799
"1651",90.5,29.1127272727273,0.832743290685886
"1652",90.5,30.1127272727273,0.831286788156345
"1653",90.5,31.1127272727273,0.828061761704991
"1654",90.5,32.1127272727273,0.82569979928232
"1655",90.5,33.1127272727273,0.824907116343583
"1656",90.5,34.1127272727273,0.822790495532601
"1657",90.5,35.1127272727273,0.820100833369417
"1658",90.5,36.1127272727273,0.818490622037191
"1659",90.5,37.1127272727273,0.816370092118886
"1660",90.5,38.1127272727273,0.814581600755173
"1661",90.5,39.1127272727273,0.811407751751878
"1662",90.5,40.1127272727273,0.811217323114454
"1663",90.5,41.1127272727273,0.80766751955318
"1664",90.5,42.1127272727273,0.805963384359288
"1665",90.5,43.1127272727273,0.803754464341326
"1666",90.5,44.1127272727273,0.802248255528868
"1667",90.5,45.1127272727273,0.799722536009848
"1668",90.5,46.1127272727273,0.798436742067702
"1669",90.5,47.1127272727273,0.795454406886381
"1670",90.5,48.1127272727273,0.794550555237333
"1671",90.5,49.1127272727273,0.792951315773652
"1672",90.5,50.1127272727273,0.789649526243165
"1673",90.5,51.1127272727273,0.787805610245453
"1674",90.5,52.1127272727273,0.784956709278695
"1675",90.5,53.1127272727273,0.784273652238171
"1676",90.5,54.1127272727273,0.781753269620151
"1677",90.5,55.1127272727273,0.779989201005316
"1678",90.5,56.1127272727273,0.777567485320617
"1679",90.5,57.1127272727273,0.777599818364253
"1680",90.5,58.1127272727273,0.77449620433003
"1681",90.5,59.1127272727273,0.7714074542587
"1682",91.5,19.1127272727273,0.872812738986371
"1683",91.5,20.1127272727273,0.870289280827259
"1684",91.5,21.1127272727273,0.868081870198072
"1685",91.5,22.1127272727273,0.866528416230089
"1686",91.5,23.1127272727273,0.863925028500699
"1687",91.5,24.1127272727273,0.862390982724929
"1688",91.5,25.1127272727273,0.859758577678088
"1689",91.5,26.1127272727273,0.857594073001325
"1690",91.5,27.1127272727273,0.856402535805647
"1691",91.5,28.1127272727273,0.8542542301846
"1692",91.5,29.1127272727273,0.851805124590649
"1693",91.5,30.1127272727273,0.850201893528314
"1694",91.5,31.1127272727273,0.847258229057227
"1695",91.5,32.1127272727273,0.846071777540052
"1696",91.5,33.1127272727273,0.843211108516295
"1697",91.5,34.1127272727273,0.842052138724083
"1698",91.5,35.1127272727273,0.839426502597933
"1699",91.5,36.1127272727273,0.837371581541103
"1700",91.5,37.1127272727273,0.836681067536727
"1701",91.5,38.1127272727273,0.834003718887039
"1702",91.5,39.1127272727273,0.83181901219375
"1703",91.5,40.1127272727273,0.828908690928543
"1704",91.5,41.1127272727273,0.827803879589587
"1705",91.5,42.1127272727273,0.82583101864474
"1706",91.5,43.1127272727273,0.822961953966111
"1707",91.5,44.1127272727273,0.821296290410307
"1708",91.5,45.1127272727273,0.819040915915082
"1709",91.5,46.1127272727273,0.816402911377988
"1710",91.5,47.1127272727273,0.81579413332956
"1711",91.5,48.1127272727273,0.813911320080508
"1712",91.5,49.1127272727273,0.811890627516381
"1713",91.5,50.1127272727273,0.809028635841332
"1714",91.5,51.1127272727273,0.807514855044554
"1715",91.5,52.1127272727273,0.805677867111082
"1716",91.5,53.1127272727273,0.802382794159167
"1717",91.5,54.1127272727273,0.801506117590652
"1718",91.5,55.1127272727273,0.799231421819807
"1719",91.5,56.1127272727273,0.796591209344732
"1720",91.5,57.1127272727273,0.79538362784595
"1721",91.5,58.1127272727273,0.792692225739843
"1722",91.5,59.1127272727273,0.791760522860858
"1723",92.5,19.1127272727273,0.891653323073659
"1724",92.5,20.1127272727273,0.889728854972425
"1725",92.5,21.1127272727273,0.887517893278008
"1726",92.5,22.1127272727273,0.885762115815298
"1727",92.5,23.1127272727273,0.883683057683081
"1728",92.5,24.1127272727273,0.881404645795291
"1729",92.5,25.1127272727273,0.879066177683528
"1730",92.5,26.1127272727273,0.877274720939474
"1731",92.5,27.1127272727273,0.875336109308693
"1732",92.5,28.1127272727273,0.872783548033246
"1733",92.5,29.1127272727273,0.870991445337174
"1734",92.5,30.1127272727273,0.869517367891294
"1735",92.5,31.1127272727273,0.867429786124878
"1736",92.5,32.1127272727273,0.865066946382974
"1737",92.5,33.1127272727273,0.863368451528089
"1738",92.5,34.1127272727273,0.861437409268703
"1739",92.5,35.1127272727273,0.85944543021737
"1740",92.5,36.1127272727273,0.856513458810228
"1741",92.5,37.1127272727273,0.854784021019079
"1742",92.5,38.1127272727273,0.853216513740933
"1743",92.5,39.1127272727273,0.851208940510353
"1744",92.5,40.1127272727273,0.848814024497837
"1745",92.5,41.1127272727273,0.847014925029615
"1746",92.5,42.1127272727273,0.845109766661814
"1747",92.5,43.1127272727273,0.842793491425945
"1748",92.5,44.1127272727273,0.841134944329934
"1749",92.5,45.1127272727273,0.838451268445853
"1750",92.5,46.1127272727273,0.837111183229597
"1751",92.5,47.1127272727273,0.833961942574764
"1752",92.5,48.1127272727273,0.83300170656162
"1753",92.5,49.1127272727273,0.830843031588392
"1754",92.5,50.1127272727273,0.828619655003305
"1755",92.5,51.1127272727273,0.826637225713653
"1756",92.5,52.1127272727273,0.824472968417187
"1757",92.5,53.1127272727273,0.822336919934497
"1758",92.5,54.1127272727273,0.820755714918718
"1759",92.5,55.1127272727273,0.819188945067448
"1760",92.5,56.1127272727273,0.816048587497079
"1761",92.5,57.1127272727273,0.814507728415369
"1762",92.5,58.1127272727273,0.812241117235365
"1763",92.5,59.1127272727273,0.810114441204585
"1764",93.5,19.1127272727273,0.910992117195084
"1765",93.5,20.1127272727273,0.908778432984674
"1766",93.5,21.1127272727273,0.906434919995728
"1767",93.5,22.1127272727273,0.904906048228791
"1768",93.5,23.1127272727273,0.902398781475395
"1769",93.5,24.1127272727273,0.900480396984252
"1770",93.5,25.1127272727273,0.898834717227597
"1771",93.5,26.1127272727273,0.89657237327143
"1772",93.5,27.1127272727273,0.894725043860184
"1773",93.5,28.1127272727273,0.892330227473158
"1774",93.5,29.1127272727273,0.890337367666691
"1775",93.5,30.1127272727273,0.888741380587717
"1776",93.5,31.1127272727273,0.886288963027797
"1777",93.5,32.1127272727273,0.884346040630731
"1778",93.5,33.1127272727273,0.882198614867041
"1779",93.5,34.1127272727273,0.880580727950901
"1780",93.5,35.1127272727273,0.879094896777734
"1781",93.5,36.1127272727273,0.87637803337089
"1782",93.5,37.1127272727273,0.874285086232555
"1783",93.5,38.1127272727273,0.872409454296992
"1784",93.5,39.1127272727273,0.870292808950508
"1785",93.5,40.1127272727273,0.868568312248353
"1786",93.5,41.1127272727273,0.866081103597041
"1787",93.5,42.1127272727273,0.864532272915049
"1788",93.5,43.1127272727273,0.862008158561673
"1789",93.5,44.1127272727273,0.860088516530347
"1790",93.5,45.1127272727273,0.85847100348901
"1791",93.5,46.1127272727273,0.856307217358427
"1792",93.5,47.1127272727273,0.85421154679808
"1793",93.5,48.1127272727273,0.851840672603911
"1794",93.5,49.1127272727273,0.850533782358947
"1795",93.5,50.1127272727273,0.847847860437995
"1796",93.5,51.1127272727273,0.846595898443052
"1797",93.5,52.1127272727273,0.844443330668723
"1798",93.5,53.1127272727273,0.841631865115122
"1799",93.5,54.1127272727273,0.84020417278537
"1800",93.5,55.1127272727273,0.837984464323473
"1801",93.5,56.1127272727273,0.836210692939548
"1802",93.5,57.1127272727273,0.834025664910385
"1803",93.5,58.1127272727273,0.831356112507765
"1804",93.5,59.1127272727273,0.829659089075382
"1805",94.5,19.1127272727273,0.930304525251229
"1806",94.5,20.1127272727273,0.92807950058032
"1807",94.5,21.1127272727273,0.926354626722683
"1808",94.5,22.1127272727273,0.924171973043979
"1809",94.5,23.1127272727273,0.922189032699968
"1810",94.5,24.1127272727273,0.920204389927316
"1811",94.5,25.1127272727273,0.917885579031359
"1812",94.5,26.1127272727273,0.91663041467805
"1813",94.5,27.1127272727273,0.914112719021412
"1814",94.5,28.1127272727273,0.911689760464827
"1815",94.5,29.1127272727273,0.910054166075811
"1816",94.5,30.1127272727273,0.90791897291733
"1817",94.5,31.1127272727273,0.905531249988196
"1818",94.5,32.1127272727273,0.904186491627363
"1819",94.5,33.1127272727273,0.901462525170347
"1820",94.5,34.1127272727273,0.899812851612393
"1821",94.5,35.1127272727273,0.897267302199385
"1822",94.5,36.1127272727273,0.895763735882511
"1823",94.5,37.1127272727273,0.89334194929764
"1824",94.5,38.1127272727273,0.891618401722336
"1825",94.5,39.1127272727273,0.889411928783035
"1826",94.5,40.1127272727273,0.887435352628933
"1827",94.5,41.1127272727273,0.88547615828837
"1828",94.5,42.1127272727273,0.883544422567427
"1829",94.5,43.1127272727273,0.881851591681675
"1830",94.5,44.1127272727273,0.87933424799892
"1831",94.5,45.1127272727273,0.877727215111068
"1832",94.5,46.1127272727273,0.876123069257765
"1833",94.5,47.1127272727273,0.872647286816918
"1834",94.5,48.1127272727273,0.871040836422369
"1835",94.5,49.1127272727273,0.86937009836211
"1836",94.5,50.1127272727273,0.867249381870237
"1837",94.5,51.1127272727273,0.865477747198833
"1838",94.5,52.1127272727273,0.863079974278358
"1839",94.5,53.1127272727273,0.860325514391109
"1840",94.5,54.1127272727273,0.859309285758419
"1841",94.5,55.1127272727273,0.856998762128025
"1842",94.5,56.1127272727273,0.855273740440144
"1843",94.5,57.1127272727273,0.853550214831961
"1844",94.5,58.1127272727273,0.851355435957972
"1845",94.5,59.1127272727273,0.849071429991066
