"","vax","work_l","pe_combined"
"1",50.5,34.1380952380952,0.046957058773
"2",50.5,35.1380952380952,0.057792712062339
"3",50.5,36.1380952380952,0.065091764782222
"4",50.5,37.1380952380952,0.0785614798890654
"5",50.5,38.1380952380952,0.0886803378711257
"6",50.5,39.1380952380952,0.0996546753863365
"7",50.5,40.1380952380952,0.108511902113625
"8",50.5,41.1380952380952,0.119797687413978
"9",50.5,42.1380952380952,0.130398701596813
"10",50.5,43.1380952380952,0.140869768201081
"11",50.5,44.1380952380952,0.150913154822857
"12",50.5,45.1380952380952,0.16370797790478
"13",50.5,46.1380952380952,0.171514217677483
"14",50.5,47.1380952380952,0.183495487774133
"15",50.5,48.1380952380952,0.193347653487114
"16",50.5,49.1380952380952,0.203396264237885
"17",50.5,50.1380952380952,0.214260106629474
"18",50.5,51.1380952380952,0.224903692228908
"19",50.5,52.1380952380952,0.236583611773717
"20",50.5,53.1380952380952,0.243766758975142
"21",50.5,54.1380952380952,0.256167239592324
"22",50.5,55.1380952380952,0.265522859775995
"23",50.5,56.1380952380952,0.278661021281273
"24",50.5,57.1380952380952,0.289113738618756
"25",50.5,58.1380952380952,0.297707779872928
"26",50.5,59.1380952380952,0.308721298290609
"27",50.5,60.1380952380952,0.318837886669274
"28",50.5,61.1380952380952,0.330234451695142
"29",50.5,62.1380952380952,0.340055389092745
"30",50.5,63.1380952380952,0.35048646016245
"31",50.5,64.1380952380952,0.3609334831658
"32",50.5,65.1380952380952,0.372161249543262
"33",50.5,66.1380952380952,0.381339641204737
"34",50.5,67.1380952380952,0.392930710023572
"35",50.5,68.1380952380952,0.401166906741672
"36",50.5,69.1380952380952,0.414143896481133
"37",50.5,70.1380952380952,0.424335639775716
"38",50.5,71.1380952380952,0.433841067811512
"39",50.5,72.1380952380952,0.443993118952694
"40",50.5,73.1380952380952,0.454025031308223
"41",50.5,74.1380952380952,0.466109694465172
"42",50.5,75.1380952380952,0.477017684184968
"43",51.5,34.1380952380952,0.0527286325095608
"44",51.5,35.1380952380952,0.0637794264888135
"45",51.5,36.1380952380952,0.075394122298927
"46",51.5,37.1380952380952,0.085363896135578
"47",51.5,38.1380952380952,0.0935024637843308
"48",51.5,39.1380952380952,0.105263509580318
"49",51.5,40.1380952380952,0.11518352542008
"50",51.5,41.1380952380952,0.126989111151314
"51",51.5,42.1380952380952,0.136804696041501
"52",51.5,43.1380952380952,0.147571972362819
"53",51.5,44.1380952380952,0.158099921154103
"54",51.5,45.1380952380952,0.168441537252728
"55",51.5,46.1380952380952,0.179615312712411
"56",51.5,47.1380952380952,0.188982364329318
"57",51.5,48.1380952380952,0.199497231554518
"58",51.5,49.1380952380952,0.210017768455456
"59",51.5,50.1380952380952,0.220186603475946
"60",51.5,51.1380952380952,0.231332334491551
"61",51.5,52.1380952380952,0.242335396597423
"62",51.5,53.1380952380952,0.251498447336444
"63",51.5,54.1380952380952,0.263863774418933
"64",51.5,55.1380952380952,0.271348347731933
"65",51.5,56.1380952380952,0.283854369334851
"66",51.5,57.1380952380952,0.292916822574999
"67",51.5,58.1380952380952,0.305014104179884
"68",51.5,59.1380952380952,0.316857670647811
"69",51.5,60.1380952380952,0.325663528309824
"70",51.5,61.1380952380952,0.335609289698394
"71",51.5,62.1380952380952,0.345354545083762
"72",51.5,63.1380952380952,0.35730552512341
"73",51.5,64.1380952380952,0.366867913751008
"74",51.5,65.1380952380952,0.37730467068923
"75",51.5,66.1380952380952,0.386742552669896
"76",51.5,67.1380952380952,0.399369673957814
"77",51.5,68.1380952380952,0.409980049289783
"78",51.5,69.1380952380952,0.420386836557288
"79",51.5,70.1380952380952,0.430661293034482
"80",51.5,71.1380952380952,0.440783186776142
"81",51.5,72.1380952380952,0.452001854230323
"82",51.5,73.1380952380952,0.461573463542056
"83",51.5,74.1380952380952,0.471831810545349
"84",51.5,75.1380952380952,0.482239305376493
"85",52.5,34.1380952380952,0.0585176885238847
"86",52.5,35.1380952380952,0.0683875213140645
"87",52.5,36.1380952380952,0.0795897215014694
"88",52.5,37.1380952380952,0.0901690970975452
"89",52.5,38.1380952380952,0.100337431686408
"90",52.5,39.1380952380952,0.11094942409161
"91",52.5,40.1380952380952,0.12182323462435
"92",52.5,41.1380952380952,0.132012287957374
"93",52.5,42.1380952380952,0.14301923316425
"94",52.5,43.1380952380952,0.154264512273715
"95",52.5,44.1380952380952,0.162657455763864
"96",52.5,45.1380952380952,0.174365191021994
"97",52.5,46.1380952380952,0.183532449238787
"98",52.5,47.1380952380952,0.195581071295522
"99",52.5,48.1380952380952,0.206228404314021
"100",52.5,49.1380952380952,0.214011708642749
"101",52.5,50.1380952380952,0.22530976746358
"102",52.5,51.1380952380952,0.237436115689387
"103",52.5,52.1380952380952,0.24768483019465
"104",52.5,53.1380952380952,0.256572143370429
"105",52.5,54.1380952380952,0.26910639827194
"106",52.5,55.1380952380952,0.279042849887139
"107",52.5,56.1380952380952,0.289491451492193
"108",52.5,57.1380952380952,0.299879495207905
"109",52.5,58.1380952380952,0.310113560873259
"110",52.5,59.1380952380952,0.321208618570706
"111",52.5,60.1380952380952,0.330602343428377
"112",52.5,61.1380952380952,0.340952824731249
"113",52.5,62.1380952380952,0.352148116858647
"114",52.5,63.1380952380952,0.364169911264368
"115",52.5,64.1380952380952,0.374989822777588
"116",52.5,65.1380952380952,0.383257304704762
"117",52.5,66.1380952380952,0.394545920799369
"118",52.5,67.1380952380952,0.405282748419187
"119",52.5,68.1380952380952,0.414997107786232
"120",52.5,69.1380952380952,0.426637702872425
"121",52.5,70.1380952380952,0.436154212143686
"122",52.5,71.1380952380952,0.447220602076521
"123",52.5,72.1380952380952,0.457247998701524
"124",52.5,73.1380952380952,0.467028363667597
"125",52.5,74.1380952380952,0.47858598243669
"126",52.5,75.1380952380952,0.489632362667571
"127",53.5,34.1380952380952,0.0660197946957932
"128",53.5,35.1380952380952,0.0749755122580204
"129",53.5,36.1380952380952,0.0876991661273537
"130",53.5,37.1380952380952,0.0963702368506003
"131",53.5,38.1380952380952,0.109362168650683
"132",53.5,39.1380952380952,0.117514349206328
"133",53.5,40.1380952380952,0.12589449627437
"134",53.5,41.1380952380952,0.139452732822068
"135",53.5,42.1380952380952,0.146574679145233
"136",53.5,43.1380952380952,0.159202491502283
"137",53.5,44.1380952380952,0.170560052449204
"138",53.5,45.1380952380952,0.181223876636176
"139",53.5,46.1380952380952,0.191410593391294
"140",53.5,47.1380952380952,0.201698187370077
"141",53.5,48.1380952380952,0.211228701870455
"142",53.5,49.1380952380952,0.220945758255799
"143",53.5,50.1380952380952,0.232462171501787
"144",53.5,51.1380952380952,0.243816773256263
"145",53.5,52.1380952380952,0.252539720772923
"146",53.5,53.1380952380952,0.264160855524856
"147",53.5,54.1380952380952,0.275609423730801
"148",53.5,55.1380952380952,0.285556668196456
"149",53.5,56.1380952380952,0.294536499816096
"150",53.5,57.1380952380952,0.306920847653282
"151",53.5,58.1380952380952,0.315506388469701
"152",53.5,59.1380952380952,0.326154356396757
"153",53.5,60.1380952380952,0.337277017402214
"154",53.5,61.1380952380952,0.347661862919045
"155",53.5,62.1380952380952,0.359975218141661
"156",53.5,63.1380952380952,0.368595550697312
"157",53.5,64.1380952380952,0.381495657645445
"158",53.5,65.1380952380952,0.390874525739568
"159",53.5,66.1380952380952,0.400663108153857
"160",53.5,67.1380952380952,0.410958975685496
"161",53.5,68.1380952380952,0.421191049243676
"162",53.5,69.1380952380952,0.431769379017802
"163",53.5,70.1380952380952,0.441326483212215
"164",53.5,71.1380952380952,0.453738990961831
"165",53.5,72.1380952380952,0.464551765203446
"166",53.5,73.1380952380952,0.473792111768312
"167",53.5,74.1380952380952,0.483629879573007
"168",53.5,75.1380952380952,0.494263435795349
"169",54.5,34.1380952380952,0.0713633397979824
"170",54.5,35.1380952380952,0.0821004296474409
"171",54.5,36.1380952380952,0.0903779547379782
"172",54.5,37.1380952380952,0.102815097723287
"173",54.5,38.1380952380952,0.113200485042321
"174",54.5,39.1380952380952,0.122539320782278
"175",54.5,40.1380952380952,0.133462490954886
"176",54.5,41.1380952380952,0.14618104220906
"177",54.5,42.1380952380952,0.155337106831178
"178",54.5,43.1380952380952,0.16608629706549
"179",54.5,44.1380952380952,0.176920588680626
"180",54.5,45.1380952380952,0.187739890952583
"181",54.5,46.1380952380952,0.196727775325697
"182",54.5,47.1380952380952,0.206381074714143
"183",54.5,48.1380952380952,0.217467382672825
"184",54.5,49.1380952380952,0.227651942932797
"185",54.5,50.1380952380952,0.23914733905861
"186",54.5,51.1380952380952,0.24981562847501
"187",54.5,52.1380952380952,0.260514167486044
"188",54.5,53.1380952380952,0.269985027899017
"189",54.5,54.1380952380952,0.280103577360767
"190",54.5,55.1380952380952,0.291358722205268
"191",54.5,56.1380952380952,0.302035969749199
"192",54.5,57.1380952380952,0.311352342795557
"193",54.5,58.1380952380952,0.323585549058557
"194",54.5,59.1380952380952,0.333693814840105
"195",54.5,60.1380952380952,0.342802841043497
"196",54.5,61.1380952380952,0.353244749669297
"197",54.5,62.1380952380952,0.365694708290891
"198",54.5,63.1380952380952,0.37570136371395
"199",54.5,64.1380952380952,0.386669870393585
"200",54.5,65.1380952380952,0.395998577432836
"201",54.5,66.1380952380952,0.405899752361702
"202",54.5,67.1380952380952,0.415809890003386
"203",54.5,68.1380952380952,0.426997234019382
"204",54.5,69.1380952380952,0.438460272891067
"205",54.5,70.1380952380952,0.448443794583545
"206",54.5,71.1380952380952,0.459794969533956
"207",54.5,72.1380952380952,0.470463792800714
"208",54.5,73.1380952380952,0.480232822291553
"209",54.5,74.1380952380952,0.490463202319264
"210",54.5,75.1380952380952,0.501254933887917
"211",55.5,34.1380952380952,0.0781759828601765
"212",55.5,35.1380952380952,0.0880125182472715
"213",55.5,36.1380952380952,0.0981538394721496
"214",55.5,37.1380952380952,0.109990443142565
"215",55.5,38.1380952380952,0.11809621416082
"216",55.5,39.1380952380952,0.129241847661664
"217",55.5,40.1380952380952,0.142746645390755
"218",55.5,41.1380952380952,0.148960445531556
"219",55.5,42.1380952380952,0.161335739032419
"220",55.5,43.1380952380952,0.171390375332764
"221",55.5,44.1380952380952,0.182534570970991
"222",55.5,45.1380952380952,0.192102022539661
"223",55.5,46.1380952380952,0.204420259270411
"224",55.5,47.1380952380952,0.213159898938683
"225",55.5,48.1380952380952,0.224918445579157
"226",55.5,49.1380952380952,0.23504964484534
"227",55.5,50.1380952380952,0.244334695930158
"228",55.5,51.1380952380952,0.254115203813708
"229",55.5,52.1380952380952,0.266068603714505
"230",55.5,53.1380952380952,0.27659368790533
"231",55.5,54.1380952380952,0.286041969369726
"232",55.5,55.1380952380952,0.298741942489857
"233",55.5,56.1380952380952,0.309575290216811
"234",55.5,57.1380952380952,0.318407924323927
"235",55.5,58.1380952380952,0.329269514404807
"236",55.5,59.1380952380952,0.338918197103539
"237",55.5,60.1380952380952,0.350626712096087
"238",55.5,61.1380952380952,0.36052143012101
"239",55.5,62.1380952380952,0.371140220241949
"240",55.5,63.1380952380952,0.381958529672694
"241",55.5,64.1380952380952,0.391405151090743
"242",55.5,65.1380952380952,0.403175217155071
"243",55.5,66.1380952380952,0.413762112145825
"244",55.5,67.1380952380952,0.422898965367497
"245",55.5,68.1380952380952,0.434618216810376
"246",55.5,69.1380952380952,0.444473748331657
"247",55.5,70.1380952380952,0.453570707312107
"248",55.5,71.1380952380952,0.464863199550384
"249",55.5,72.1380952380952,0.476093676614729
"250",55.5,73.1380952380952,0.48604053620787
"251",55.5,74.1380952380952,0.497377713452861
"252",55.5,75.1380952380952,0.508312029202698
"253",56.5,34.1380952380952,0.0828997389168539
"254",56.5,35.1380952380952,0.0919956885991186
"255",56.5,36.1380952380952,0.105220368518039
"256",56.5,37.1380952380952,0.116726740476436
"257",56.5,38.1380952380952,0.12654090076338
"258",56.5,39.1380952380952,0.135925094864085
"259",56.5,40.1380952380952,0.1463795700138
"260",56.5,41.1380952380952,0.154688483679805
"261",56.5,42.1380952380952,0.167578733226464
"262",56.5,43.1380952380952,0.179327132438914
"263",56.5,44.1380952380952,0.189479442430099
"264",56.5,45.1380952380952,0.200971453622943
"265",56.5,46.1380952380952,0.209541747751087
"266",56.5,47.1380952380952,0.219608698604945
"267",56.5,48.1380952380952,0.231116609542403
"268",56.5,49.1380952380952,0.241945008068408
"269",56.5,50.1380952380952,0.251851826688415
"270",56.5,51.1380952380952,0.261858167195029
"271",56.5,52.1380952380952,0.273284538509901
"272",56.5,53.1380952380952,0.282579710275351
"273",56.5,54.1380952380952,0.292760571101788
"274",56.5,55.1380952380952,0.302425431298597
"275",56.5,56.1380952380952,0.312351398374024
"276",56.5,57.1380952380952,0.324606909155031
"277",56.5,58.1380952380952,0.334227510501121
"278",56.5,59.1380952380952,0.346710382233682
"279",56.5,60.1380952380952,0.356148476606086
"280",56.5,61.1380952380952,0.365819768319599
"281",56.5,62.1380952380952,0.378275325874606
"282",56.5,63.1380952380952,0.388408890172615
"283",56.5,64.1380952380952,0.397152669603428
"284",56.5,65.1380952380952,0.406666900593856
"285",56.5,66.1380952380952,0.419243214403002
"286",56.5,67.1380952380952,0.429251601218932
"287",56.5,68.1380952380952,0.440043948138374
"288",56.5,69.1380952380952,0.451243190930402
"289",56.5,70.1380952380952,0.460892870080693
"290",56.5,71.1380952380952,0.472525063294071
"291",56.5,72.1380952380952,0.482168103294022
"292",56.5,73.1380952380952,0.492827746923467
"293",56.5,74.1380952380952,0.503133335881527
"294",56.5,75.1380952380952,0.513646458090259
"295",57.5,34.1380952380952,0.089910727860071
"296",57.5,35.1380952380952,0.0986453159311548
"297",57.5,36.1380952380952,0.108980821139345
"298",57.5,37.1380952380952,0.122057495249412
"299",57.5,38.1380952380952,0.130680334533407
"300",57.5,39.1380952380952,0.143596937638927
"301",57.5,40.1380952380952,0.15243665356984
"302",57.5,41.1380952380952,0.163571652909797
"303",57.5,42.1380952380952,0.174123357961144
"304",57.5,43.1380952380952,0.183211933256734
"305",57.5,44.1380952380952,0.195304613815707
"306",57.5,45.1380952380952,0.204700014327222
"307",57.5,46.1380952380952,0.215945274009005
"308",57.5,47.1380952380952,0.225113115029412
"309",57.5,48.1380952380952,0.237867938606829
"310",57.5,49.1380952380952,0.246924440963673
"311",57.5,50.1380952380952,0.257211725876556
"312",57.5,51.1380952380952,0.267492670109431
"313",57.5,52.1380952380952,0.279219782660907
"314",57.5,53.1380952380952,0.289479418600849
"315",57.5,54.1380952380952,0.300510159582704
"316",57.5,55.1380952380952,0.308836438261025
"317",57.5,56.1380952380952,0.321812824092061
"318",57.5,57.1380952380952,0.329348671185855
"319",57.5,58.1380952380952,0.342539345228439
"320",57.5,59.1380952380952,0.350460657663497
"321",57.5,60.1380952380952,0.36220412242833
"322",57.5,61.1380952380952,0.372960496199277
"323",57.5,62.1380952380952,0.382331464242514
"324",57.5,63.1380952380952,0.394914545731735
"325",57.5,64.1380952380952,0.40375477783127
"326",57.5,65.1380952380952,0.415302049872802
"327",57.5,66.1380952380952,0.42456727314618
"328",57.5,67.1380952380952,0.436126838319473
"329",57.5,68.1380952380952,0.446177938639032
"330",57.5,69.1380952380952,0.459042985158544
"331",57.5,70.1380952380952,0.467801161739508
"332",57.5,71.1380952380952,0.478370214931283
"333",57.5,72.1380952380952,0.488235631668635
"334",57.5,73.1380952380952,0.498467321066051
"335",57.5,74.1380952380952,0.509023624104387
"336",57.5,75.1380952380952,0.519610558360479
"337",58.5,34.1380952380952,0.0975386921846933
"338",58.5,35.1380952380952,0.110009496120634
"339",58.5,36.1380952380952,0.114424755177593
"340",58.5,37.1380952380952,0.127268864263189
"341",58.5,38.1380952380952,0.137165419542069
"342",58.5,39.1380952380952,0.147693082686383
"343",58.5,40.1380952380952,0.157812181249494
"344",58.5,41.1380952380952,0.171443860095037
"345",58.5,42.1380952380952,0.18090495012644
"346",58.5,43.1380952380952,0.191175501443534
"347",58.5,44.1380952380952,0.199678344662127
"348",58.5,45.1380952380952,0.211799669734451
"349",58.5,46.1380952380952,0.223092916838487
"350",58.5,47.1380952380952,0.232683620761796
"351",58.5,48.1380952380952,0.242691803905927
"352",58.5,49.1380952380952,0.253534422892752
"353",58.5,50.1380952380952,0.263176499923084
"354",58.5,51.1380952380952,0.273062515991486
"355",58.5,52.1380952380952,0.284514719237137
"356",58.5,53.1380952380952,0.294341650960797
"357",58.5,54.1380952380952,0.306977667566985
"358",58.5,55.1380952380952,0.315640521392351
"359",58.5,56.1380952380952,0.326790415786234
"360",58.5,57.1380952380952,0.336225463725886
"361",58.5,58.1380952380952,0.348908361082529
"362",58.5,59.1380952380952,0.358088371299134
"363",58.5,60.1380952380952,0.367538695124847
"364",58.5,61.1380952380952,0.377932086745513
"365",58.5,62.1380952380952,0.389555120712299
"366",58.5,63.1380952380952,0.399154735073667
"367",58.5,64.1380952380952,0.410571712035318
"368",58.5,65.1380952380952,0.421276066711949
"369",58.5,66.1380952380952,0.431733685886971
"370",58.5,67.1380952380952,0.441736311891019
"371",58.5,68.1380952380952,0.451957226328501
"372",58.5,69.1380952380952,0.462800498099287
"373",58.5,70.1380952380952,0.472832652956361
"374",58.5,71.1380952380952,0.483394068104693
"375",58.5,72.1380952380952,0.493480515077259
"376",58.5,73.1380952380952,0.505342425878745
"377",58.5,74.1380952380952,0.51439695324185
"378",58.5,75.1380952380952,0.525702444684864
"379",59.5,34.1380952380952,0.103371578058106
"380",59.5,35.1380952380952,0.112097606368549
"381",59.5,36.1380952380952,0.123659383417834
"382",59.5,37.1380952380952,0.131901068714442
"383",59.5,38.1380952380952,0.143575833384915
"384",59.5,39.1380952380952,0.153879268512921
"385",59.5,40.1380952380952,0.164986016451213
"386",59.5,41.1380952380952,0.175244490786772
"387",59.5,42.1380952380952,0.186383604912215
"388",59.5,43.1380952380952,0.197711006354178
"389",59.5,44.1380952380952,0.207572574586584
"390",59.5,45.1380952380952,0.21780376864477
"391",59.5,46.1380952380952,0.229440886983004
"392",59.5,47.1380952380952,0.239701069480458
"393",59.5,48.1380952380952,0.248737315547333
"394",59.5,49.1380952380952,0.258701242463846
"395",59.5,50.1380952380952,0.27164698268081
"396",59.5,51.1380952380952,0.281627792406695
"397",59.5,52.1380952380952,0.291425463753669
"398",59.5,53.1380952380952,0.299994025039222
"399",59.5,54.1380952380952,0.312910430054687
"400",59.5,55.1380952380952,0.321844556837972
"401",59.5,56.1380952380952,0.333151280228351
"402",59.5,57.1380952380952,0.343503525012715
"403",59.5,58.1380952380952,0.354182814627206
"404",59.5,59.1380952380952,0.364292281914799
"405",59.5,60.1380952380952,0.375455650376908
"406",59.5,61.1380952380952,0.384890868373611
"407",59.5,62.1380952380952,0.395314966574254
"408",59.5,63.1380952380952,0.406424875378564
"409",59.5,64.1380952380952,0.416708741757755
"410",59.5,65.1380952380952,0.427557403174362
"411",59.5,66.1380952380952,0.437034712934605
"412",59.5,67.1380952380952,0.447897316920227
"413",59.5,68.1380952380952,0.459541829036241
"414",59.5,69.1380952380952,0.468398966438242
"415",59.5,70.1380952380952,0.478891319929328
"416",59.5,71.1380952380952,0.489620877850949
"417",59.5,72.1380952380952,0.500958065433081
"418",59.5,73.1380952380952,0.510681164968537
"419",59.5,74.1380952380952,0.521184590676657
"420",59.5,75.1380952380952,0.532314588015334
"421",60.5,34.1380952380952,0.106883268859553
"422",60.5,35.1380952380952,0.116399733576691
"423",60.5,36.1380952380952,0.129430602850316
"424",60.5,37.1380952380952,0.138921852362442
"425",60.5,38.1380952380952,0.149405392017309
"426",60.5,39.1380952380952,0.159987153616229
"427",60.5,40.1380952380952,0.169560253659755
"428",60.5,41.1380952380952,0.180975610739717
"429",60.5,42.1380952380952,0.192525818337994
"430",60.5,43.1380952380952,0.202987298168597
"431",60.5,44.1380952380952,0.213847098690082
"432",60.5,45.1380952380952,0.220322481009378
"433",60.5,46.1380952380952,0.234003379883163
"434",60.5,47.1380952380952,0.244553813078191
"435",60.5,48.1380952380952,0.254816385526056
"436",60.5,49.1380952380952,0.26438404905194
"437",60.5,50.1380952380952,0.275833006040723
"438",60.5,51.1380952380952,0.285343084432542
"439",60.5,52.1380952380952,0.296723587266889
"440",60.5,53.1380952380952,0.306695591898898
"441",60.5,54.1380952380952,0.318211744626822
"442",60.5,55.1380952380952,0.328930127162366
"443",60.5,56.1380952380952,0.339529926609916
"444",60.5,57.1380952380952,0.350165147257189
"445",60.5,58.1380952380952,0.358804659472028
"446",60.5,59.1380952380952,0.371388745111991
"447",60.5,60.1380952380952,0.380717903153099
"448",60.5,61.1380952380952,0.393024570632897
"449",60.5,62.1380952380952,0.401590807291753
"450",60.5,63.1380952380952,0.412311759165172
"451",60.5,64.1380952380952,0.422363400592546
"452",60.5,65.1380952380952,0.433804613787905
"453",60.5,66.1380952380952,0.444085708252404
"454",60.5,67.1380952380952,0.453545392599042
"455",60.5,68.1380952380952,0.464789028814439
"456",60.5,69.1380952380952,0.475602156047146
"457",60.5,70.1380952380952,0.485081363689478
"458",60.5,71.1380952380952,0.495521779122893
"459",60.5,72.1380952380952,0.507123303516053
"460",60.5,73.1380952380952,0.51659249250687
"461",60.5,74.1380952380952,0.527342259535737
"462",60.5,75.1380952380952,0.538818169832736
"463",61.5,34.1380952380952,0.113210560377248
"464",61.5,35.1380952380952,0.123688861846621
"465",61.5,36.1380952380952,0.134062012542138
"466",61.5,37.1380952380952,0.144170200789909
"467",61.5,38.1380952380952,0.155352564113457
"468",61.5,39.1380952380952,0.167156454222355
"469",61.5,40.1380952380952,0.177697979393146
"470",61.5,41.1380952380952,0.189237978071299
"471",61.5,42.1380952380952,0.19700509804097
"472",61.5,43.1380952380952,0.207011685533418
"473",61.5,44.1380952380952,0.218975538763087
"474",61.5,45.1380952380952,0.228344172086356
"475",61.5,46.1380952380952,0.240825050685427
"476",61.5,47.1380952380952,0.250287815664933
"477",61.5,48.1380952380952,0.264657225428261
"478",61.5,49.1380952380952,0.271784823591454
"479",61.5,50.1380952380952,0.281786988875872
"480",61.5,51.1380952380952,0.29247906437013
"481",61.5,52.1380952380952,0.302714664563719
"482",61.5,53.1380952380952,0.314732320492694
"483",61.5,54.1380952380952,0.322758293130087
"484",61.5,55.1380952380952,0.333174197361998
"485",61.5,56.1380952380952,0.344975860856584
"486",61.5,57.1380952380952,0.35469432417467
"487",61.5,58.1380952380952,0.367059381408404
"488",61.5,59.1380952380952,0.377162194739213
"489",61.5,60.1380952380952,0.38568029342131
"490",61.5,61.1380952380952,0.396666005399937
"491",61.5,62.1380952380952,0.407953244034918
"492",61.5,63.1380952380952,0.418155005750388
"493",61.5,64.1380952380952,0.42742315523603
"494",61.5,65.1380952380952,0.439142074203645
"495",61.5,66.1380952380952,0.450164715575515
"496",61.5,67.1380952380952,0.46080475355293
"497",61.5,68.1380952380952,0.470266586065561
"498",61.5,69.1380952380952,0.481069277600744
"499",61.5,70.1380952380952,0.490686729151004
"500",61.5,71.1380952380952,0.502685010965784
"501",61.5,72.1380952380952,0.51291161596786
"502",61.5,73.1380952380952,0.522934355103961
"503",61.5,74.1380952380952,0.533051261598329
"504",61.5,75.1380952380952,0.543984545744273
"505",62.5,34.1380952380952,0.118971013989912
"506",62.5,35.1380952380952,0.131550428764902
"507",62.5,36.1380952380952,0.14177770980612
"508",62.5,37.1380952380952,0.151681813157066
"509",62.5,38.1380952380952,0.162557883517787
"510",62.5,39.1380952380952,0.172607039901894
"511",62.5,40.1380952380952,0.183463020870742
"512",62.5,41.1380952380952,0.194642088452314
"513",62.5,42.1380952380952,0.20375932601302
"514",62.5,43.1380952380952,0.214933114498269
"515",62.5,44.1380952380952,0.224911233467794
"516",62.5,45.1380952380952,0.236857085374089
"517",62.5,46.1380952380952,0.245167622192989
"518",62.5,47.1380952380952,0.257773447289756
"519",62.5,48.1380952380952,0.26812492876454
"520",62.5,49.1380952380952,0.276772421475303
"521",62.5,50.1380952380952,0.287997590453262
"522",62.5,51.1380952380952,0.299502036780531
"523",62.5,52.1380952380952,0.308559991821413
"524",62.5,53.1380952380952,0.319500747954223
"525",62.5,54.1380952380952,0.329812727176519
"526",62.5,55.1380952380952,0.340331069109695
"527",62.5,56.1380952380952,0.350973758975992
"528",62.5,57.1380952380952,0.362005389682228
"529",62.5,58.1380952380952,0.371692949295176
"530",62.5,59.1380952380952,0.383375917591736
"531",62.5,60.1380952380952,0.392500136898551
"532",62.5,61.1380952380952,0.403424914477377
"533",62.5,62.1380952380952,0.415530987981234
"534",62.5,63.1380952380952,0.425132827268079
"535",62.5,64.1380952380952,0.435013316984719
"536",62.5,65.1380952380952,0.445958945091562
"537",62.5,66.1380952380952,0.456193690773674
"538",62.5,67.1380952380952,0.466888748482328
"539",62.5,68.1380952380952,0.477524719165228
"540",62.5,69.1380952380952,0.488251618341393
"541",62.5,70.1380952380952,0.496961114781806
"542",62.5,71.1380952380952,0.507664260829635
"543",62.5,72.1380952380952,0.518451278541387
"544",62.5,73.1380952380952,0.530021510325432
"545",62.5,74.1380952380952,0.539481299970317
"546",62.5,75.1380952380952,0.550763623692156
"547",63.5,34.1380952380952,0.128195631129066
"548",63.5,35.1380952380952,0.13708629886993
"549",63.5,36.1380952380952,0.148922447528358
"550",63.5,37.1380952380952,0.158231495530075
"551",63.5,38.1380952380952,0.167388653197044
"552",63.5,39.1380952380952,0.178425551570143
"553",63.5,40.1380952380952,0.190513832694396
"554",63.5,41.1380952380952,0.201170518337528
"555",63.5,42.1380952380952,0.209273727621925
"556",63.5,43.1380952380952,0.220303492739314
"557",63.5,44.1380952380952,0.230364480986833
"558",63.5,45.1380952380952,0.240803816032717
"559",63.5,46.1380952380952,0.251934924982464
"560",63.5,47.1380952380952,0.261642533230705
"561",63.5,48.1380952380952,0.273396034716584
"562",63.5,49.1380952380952,0.282550724358832
"563",63.5,50.1380952380952,0.29470124765837
"564",63.5,51.1380952380952,0.304656623470467
"565",63.5,52.1380952380952,0.316391131026675
"566",63.5,53.1380952380952,0.326577213689042
"567",63.5,54.1380952380952,0.336488990680678
"568",63.5,55.1380952380952,0.346498992294115
"569",63.5,56.1380952380952,0.358429233755327
"570",63.5,57.1380952380952,0.367810912025186
"571",63.5,58.1380952380952,0.379171719578296
"572",63.5,59.1380952380952,0.389441080191902
"573",63.5,60.1380952380952,0.400121899475339
"574",63.5,61.1380952380952,0.410745935411367
"575",63.5,62.1380952380952,0.419759041406551
"576",63.5,63.1380952380952,0.431342425450417
"577",63.5,64.1380952380952,0.441795089881136
"578",63.5,65.1380952380952,0.450748568217508
"579",63.5,66.1380952380952,0.462544773690578
"580",63.5,67.1380952380952,0.4723717693733
"581",63.5,68.1380952380952,0.482555231672729
"582",63.5,69.1380952380952,0.493709749425689
"583",63.5,70.1380952380952,0.503232097243373
"584",63.5,71.1380952380952,0.514408958776729
"585",63.5,72.1380952380952,0.52475083498053
"586",63.5,73.1380952380952,0.536687317853083
"587",63.5,74.1380952380952,0.545962391003919
"588",63.5,75.1380952380952,0.556783613555129
"589",64.5,34.1380952380952,0.132369639869634
"590",64.5,35.1380952380952,0.143743874578602
"591",64.5,36.1380952380952,0.154168439571096
"592",64.5,37.1380952380952,0.162538485548524
"593",64.5,38.1380952380952,0.175538097127492
"594",64.5,39.1380952380952,0.186840132365924
"595",64.5,40.1380952380952,0.196553888407861
"596",64.5,41.1380952380952,0.206966642554852
"597",64.5,42.1380952380952,0.216985473656577
"598",64.5,43.1380952380952,0.227585805496033
"599",64.5,44.1380952380952,0.238562704290261
"600",64.5,45.1380952380952,0.246733707214211
"601",64.5,46.1380952380952,0.2576572572538
"602",64.5,47.1380952380952,0.271040626630232
"603",64.5,48.1380952380952,0.279938738020924
"604",64.5,49.1380952380952,0.292213735447503
"605",64.5,50.1380952380952,0.302202847735619
"606",64.5,51.1380952380952,0.312456434733368
"607",64.5,52.1380952380952,0.321451751658842
"608",64.5,53.1380952380952,0.332091313980348
"609",64.5,54.1380952380952,0.343099671817485
"610",64.5,55.1380952380952,0.352162378197718
"611",64.5,56.1380952380952,0.364257765548805
"612",64.5,57.1380952380952,0.372877911324913
"613",64.5,58.1380952380952,0.384463180035773
"614",64.5,59.1380952380952,0.396096210586252
"615",64.5,60.1380952380952,0.406257681923456
"616",64.5,61.1380952380952,0.416665890055441
"617",64.5,62.1380952380952,0.425346120451317
"618",64.5,63.1380952380952,0.437628389878726
"619",64.5,64.1380952380952,0.44677393629085
"620",64.5,65.1380952380952,0.457913498346556
"621",64.5,66.1380952380952,0.46752114487891
"622",64.5,67.1380952380952,0.479256738429282
"623",64.5,68.1380952380952,0.490260326890184
"624",64.5,69.1380952380952,0.499967142968085
"625",64.5,70.1380952380952,0.509981693973463
"626",64.5,71.1380952380952,0.520819381906066
"627",64.5,72.1380952380952,0.531793711613834
"628",64.5,73.1380952380952,0.540910868182672
"629",64.5,74.1380952380952,0.551761116987688
"630",64.5,75.1380952380952,0.563453856524162
"631",65.5,34.1380952380952,0.139665086245371
"632",65.5,35.1380952380952,0.149436915966681
"633",65.5,36.1380952380952,0.159153809709586
"634",65.5,37.1380952380952,0.17299683735281
"635",65.5,38.1380952380952,0.181148035957851
"636",65.5,39.1380952380952,0.191154999641945
"637",65.5,40.1380952380952,0.202383893682237
"638",65.5,41.1380952380952,0.212892349622698
"639",65.5,42.1380952380952,0.223622509774715
"640",65.5,43.1380952380952,0.232186447618737
"641",65.5,44.1380952380952,0.244837657761318
"642",65.5,45.1380952380952,0.254235671161713
"643",65.5,46.1380952380952,0.2637022319117
"644",65.5,47.1380952380952,0.276945433938905
"645",65.5,48.1380952380952,0.286955769829445
"646",65.5,49.1380952380952,0.295887847450474
"647",65.5,50.1380952380952,0.307089393061368
"648",65.5,51.1380952380952,0.317343749433325
"649",65.5,52.1380952380952,0.326775000411946
"650",65.5,53.1380952380952,0.338228775537167
"651",65.5,54.1380952380952,0.349899214002333
"652",65.5,55.1380952380952,0.358409157720908
"653",65.5,56.1380952380952,0.36912063366008
"654",65.5,57.1380952380952,0.379913048937266
"655",65.5,58.1380952380952,0.389699075693693
"656",65.5,59.1380952380952,0.401170168417516
"657",65.5,60.1380952380952,0.411230040020041
"658",65.5,61.1380952380952,0.422253282257954
"659",65.5,62.1380952380952,0.433165235828085
"660",65.5,63.1380952380952,0.443922146115562
"661",65.5,64.1380952380952,0.452612719418741
"662",65.5,65.1380952380952,0.464067431334281
"663",65.5,66.1380952380952,0.473734198683228
"664",65.5,67.1380952380952,0.484999114607731
"665",65.5,68.1380952380952,0.495354928282334
"666",65.5,69.1380952380952,0.506017535323928
"667",65.5,70.1380952380952,0.515925133549074
"668",65.5,71.1380952380952,0.527166433347692
"669",65.5,72.1380952380952,0.538370361325044
"670",65.5,73.1380952380952,0.548810142830539
"671",65.5,74.1380952380952,0.558375315186446
"672",65.5,75.1380952380952,0.568649396407618
"673",66.5,34.1380952380952,0.14486820379368
"674",66.5,35.1380952380952,0.156250790625134
"675",66.5,36.1380952380952,0.167341589884153
"676",66.5,37.1380952380952,0.174575024824714
"677",66.5,38.1380952380952,0.186055063827785
"678",66.5,39.1380952380952,0.195986015714554
"679",66.5,40.1380952380952,0.209961644758575
"680",66.5,41.1380952380952,0.217479774497303
"681",66.5,42.1380952380952,0.230371178072537
"682",66.5,43.1380952380952,0.239326677268723
"683",66.5,44.1380952380952,0.249981219084644
"684",66.5,45.1380952380952,0.261307245631788
"685",66.5,46.1380952380952,0.271620750934923
"686",66.5,47.1380952380952,0.282603571499445
"687",66.5,48.1380952380952,0.291909872728102
"688",66.5,49.1380952380952,0.300553592144621
"689",66.5,50.1380952380952,0.312705159014469
"690",66.5,51.1380952380952,0.323662593657219
"691",66.5,52.1380952380952,0.334953877177269
"692",66.5,53.1380952380952,0.343805503164378
"693",66.5,54.1380952380952,0.354122535117264
"694",66.5,55.1380952380952,0.364739082233397
"695",66.5,56.1380952380952,0.37553947780521
"696",66.5,57.1380952380952,0.387494393520541
"697",66.5,58.1380952380952,0.397180552380135
"698",66.5,59.1380952380952,0.407038335536717
"699",66.5,60.1380952380952,0.417895013873652
"700",66.5,61.1380952380952,0.427381544027188
"701",66.5,62.1380952380952,0.438154755956658
"702",66.5,63.1380952380952,0.449854423407163
"703",66.5,64.1380952380952,0.459995241910414
"704",66.5,65.1380952380952,0.469177157625246
"705",66.5,66.1380952380952,0.481773468262521
"706",66.5,67.1380952380952,0.491841810937007
"707",66.5,68.1380952380952,0.501877363246288
"708",66.5,69.1380952380952,0.512076529845872
"709",66.5,70.1380952380952,0.521494341775465
"710",66.5,71.1380952380952,0.533221760119228
"711",66.5,72.1380952380952,0.543422772483591
"712",66.5,73.1380952380952,0.554438942847886
"713",66.5,74.1380952380952,0.564822925629893
"714",66.5,75.1380952380952,0.575100365822428
"715",67.5,34.1380952380952,0.152168117621859
"716",67.5,35.1380952380952,0.162320053263385
"717",67.5,36.1380952380952,0.171880319343122
"718",67.5,37.1380952380952,0.184484081912949
"719",67.5,38.1380952380952,0.194548730984258
"720",67.5,39.1380952380952,0.203941176829603
"721",67.5,40.1380952380952,0.214584609770798
"722",67.5,41.1380952380952,0.225209439710376
"723",67.5,42.1380952380952,0.236126444337696
"724",67.5,43.1380952380952,0.24659157010282
"725",67.5,44.1380952380952,0.256005218150158
"726",67.5,45.1380952380952,0.267460102990117
"727",67.5,46.1380952380952,0.276984777320584
"728",67.5,47.1380952380952,0.289088147921244
"729",67.5,48.1380952380952,0.297839146074594
"730",67.5,49.1380952380952,0.306592258727763
"731",67.5,50.1380952380952,0.317542995779969
"732",67.5,51.1380952380952,0.329738654689787
"733",67.5,52.1380952380952,0.340243553286297
"734",67.5,53.1380952380952,0.349682406431623
"735",67.5,54.1380952380952,0.361478446476736
"736",67.5,55.1380952380952,0.371517949078248
"737",67.5,56.1380952380952,0.381488030671254
"738",67.5,57.1380952380952,0.393384882850874
"739",67.5,58.1380952380952,0.402548392586548
"740",67.5,59.1380952380952,0.413230581274918
"741",67.5,60.1380952380952,0.424579127257936
"742",67.5,61.1380952380952,0.434207677201384
"743",67.5,62.1380952380952,0.445064527783836
"744",67.5,63.1380952380952,0.455496224474472
"745",67.5,64.1380952380952,0.466224386968854
"746",67.5,65.1380952380952,0.475440968839727
"747",67.5,66.1380952380952,0.487590921592839
"748",67.5,67.1380952380952,0.497954484082136
"749",67.5,68.1380952380952,0.507030884186491
"750",67.5,69.1380952380952,0.519315354202752
"751",67.5,70.1380952380952,0.529671260192486
"752",67.5,71.1380952380952,0.538439731343445
"753",67.5,72.1380952380952,0.549284296934885
"754",67.5,73.1380952380952,0.560234511364347
"755",67.5,74.1380952380952,0.570220191007481
"756",67.5,75.1380952380952,0.580625404016378
"757",68.5,34.1380952380952,0.15960785514611
"758",68.5,35.1380952380952,0.167002262630637
"759",68.5,36.1380952380952,0.177324812800754
"760",68.5,37.1380952380952,0.188853786881401
"761",68.5,38.1380952380952,0.19910904217527
"762",68.5,39.1380952380952,0.209271883300738
"763",68.5,40.1380952380952,0.220119491655719
"764",68.5,41.1380952380952,0.231591079284728
"765",68.5,42.1380952380952,0.242097952227192
"766",68.5,43.1380952380952,0.253248728457051
"767",68.5,44.1380952380952,0.262401776270802
"768",68.5,45.1380952380952,0.272027154543268
"769",68.5,46.1380952380952,0.28383775490705
"770",68.5,47.1380952380952,0.293593379911638
"771",68.5,48.1380952380952,0.303456766341771
"772",68.5,49.1380952380952,0.314627536029859
"773",68.5,50.1380952380952,0.32455313148005
"774",68.5,51.1380952380952,0.336492500938621
"775",68.5,52.1380952380952,0.346597109633569
"776",68.5,53.1380952380952,0.357169086821586
"777",68.5,54.1380952380952,0.367191705848227
"778",68.5,55.1380952380952,0.377367640334458
"779",68.5,56.1380952380952,0.389061056918999
"780",68.5,57.1380952380952,0.399798303853007
"781",68.5,58.1380952380952,0.408931244176075
"782",68.5,59.1380952380952,0.418501061311308
"783",68.5,60.1380952380952,0.429949736761276
"784",68.5,61.1380952380952,0.440230497026675
"785",68.5,62.1380952380952,0.450934838830984
"786",68.5,63.1380952380952,0.461835071122965
"787",68.5,64.1380952380952,0.471767659267225
"788",68.5,65.1380952380952,0.482679474719348
"789",68.5,66.1380952380952,0.492786804613536
"790",68.5,67.1380952380952,0.502984417448447
"791",68.5,68.1380952380952,0.514289629317711
"792",68.5,69.1380952380952,0.523773969536875
"793",68.5,70.1380952380952,0.534264824333288
"794",68.5,71.1380952380952,0.545417753031366
"795",68.5,72.1380952380952,0.556337719017973
"796",68.5,73.1380952380952,0.566638489914087
"797",68.5,74.1380952380952,0.57681862955936
"798",68.5,75.1380952380952,0.587295841677224
"799",69.5,34.1380952380952,0.162125754190262
"800",69.5,35.1380952380952,0.174998821621646
"801",69.5,36.1380952380952,0.18358649306536
"802",69.5,37.1380952380952,0.194989427674499
"803",69.5,38.1380952380952,0.205810620839798
"804",69.5,39.1380952380952,0.21497380685915
"805",69.5,40.1380952380952,0.226431551331741
"806",69.5,41.1380952380952,0.237388629245226
"807",69.5,42.1380952380952,0.246860440342436
"808",69.5,43.1380952380952,0.257427086869616
"809",69.5,44.1380952380952,0.269749027420972
"810",69.5,45.1380952380952,0.279616516588189
"811",69.5,46.1380952380952,0.288632753405108
"812",69.5,47.1380952380952,0.298990779800381
"813",69.5,48.1380952380952,0.310226414638798
"814",69.5,49.1380952380952,0.32193989033014
"815",69.5,50.1380952380952,0.331194610931917
"816",69.5,51.1380952380952,0.342038915048191
"817",69.5,52.1380952380952,0.351537167493713
"818",69.5,53.1380952380952,0.362907803348537
"819",69.5,54.1380952380952,0.37198091708484
"820",69.5,55.1380952380952,0.383220067513658
"821",69.5,56.1380952380952,0.396074197198505
"822",69.5,57.1380952380952,0.404054555767152
"823",69.5,58.1380952380952,0.414859173212101
"824",69.5,59.1380952380952,0.425641247595359
"825",69.5,60.1380952380952,0.436707702513381
"826",69.5,61.1380952380952,0.446123714671134
"827",69.5,62.1380952380952,0.457665501298339
"828",69.5,63.1380952380952,0.467204127301973
"829",69.5,64.1380952380952,0.477725894619269
"830",69.5,65.1380952380952,0.48948913983945
"831",69.5,66.1380952380952,0.498930350826923
"832",69.5,67.1380952380952,0.509309717356697
"833",69.5,68.1380952380952,0.52060751012467
"834",69.5,69.1380952380952,0.530318888190098
"835",69.5,70.1380952380952,0.541696660464298
"836",69.5,71.1380952380952,0.551447797275434
"837",69.5,72.1380952380952,0.561349825287303
"838",69.5,73.1380952380952,0.57187414071316
"839",69.5,74.1380952380952,0.583903628359217
"840",69.5,75.1380952380952,0.593488075777212
"841",70.5,34.1380952380952,0.170143423727734
"842",70.5,35.1380952380952,0.179212640791947
"843",70.5,36.1380952380952,0.190486840062252
"844",70.5,37.1380952380952,0.201460336511158
"845",70.5,38.1380952380952,0.210596857672701
"846",70.5,39.1380952380952,0.222525920131751
"847",70.5,40.1380952380952,0.234319222508083
"848",70.5,41.1380952380952,0.241430980672152
"849",70.5,42.1380952380952,0.253718539471849
"850",70.5,43.1380952380952,0.265374662765508
"851",70.5,44.1380952380952,0.274738031772646
"852",70.5,45.1380952380952,0.28515232024931
"853",70.5,46.1380952380952,0.292985925984947
"854",70.5,47.1380952380952,0.305906692819963
"855",70.5,48.1380952380952,0.3172512467862
"856",70.5,49.1380952380952,0.326577966826262
"857",70.5,50.1380952380952,0.337719354186225
"858",70.5,51.1380952380952,0.349028240105794
"859",70.5,52.1380952380952,0.358450581200089
"860",70.5,53.1380952380952,0.369229715681928
"861",70.5,54.1380952380952,0.381103756327804
"862",70.5,55.1380952380952,0.389255447235578
"863",70.5,56.1380952380952,0.400354641661841
"864",70.5,57.1380952380952,0.412177969655644
"865",70.5,58.1380952380952,0.42251074364204
"866",70.5,59.1380952380952,0.430707076369791
"867",70.5,60.1380952380952,0.442379690372739
"868",70.5,61.1380952380952,0.452918661863958
"869",70.5,62.1380952380952,0.462868618856804
"870",70.5,63.1380952380952,0.47395980427667
"871",70.5,64.1380952380952,0.484079206055411
"872",70.5,65.1380952380952,0.495051797965819
"873",70.5,66.1380952380952,0.50523734297026
"874",70.5,67.1380952380952,0.515960766227916
"875",70.5,68.1380952380952,0.526853865791094
"876",70.5,69.1380952380952,0.535707341659059
"877",70.5,70.1380952380952,0.547545168336513
"878",70.5,71.1380952380952,0.558089139652696
"879",70.5,72.1380952380952,0.568688222876352
"880",70.5,73.1380952380952,0.578728519674768
"881",70.5,74.1380952380952,0.589279607739611
"882",70.5,75.1380952380952,0.600090622142599
"883",71.5,34.1380952380952,0.174566888214377
"884",71.5,35.1380952380952,0.187676766574136
"885",71.5,36.1380952380952,0.196913937074631
"886",71.5,37.1380952380952,0.206756352961656
"887",71.5,38.1380952380952,0.217816916097288
"888",71.5,39.1380952380952,0.226942333811776
"889",71.5,40.1380952380952,0.23891486743291
"890",71.5,41.1380952380952,0.249114415241457
"891",71.5,42.1380952380952,0.259213601900613
"892",71.5,43.1380952380952,0.269504298860163
"893",71.5,44.1380952380952,0.278662766373918
"894",71.5,45.1380952380952,0.292648692203563
"895",71.5,46.1380952380952,0.300805987146251
"896",71.5,47.1380952380952,0.311019837632505
"897",71.5,48.1380952380952,0.32145562306446
"898",71.5,49.1380952380952,0.333151975327464
"899",71.5,50.1380952380952,0.344771310250105
"900",71.5,51.1380952380952,0.354446291845828
"901",71.5,52.1380952380952,0.363388986583891
"902",71.5,53.1380952380952,0.375729489610832
"903",71.5,54.1380952380952,0.386434226355112
"904",71.5,55.1380952380952,0.395945918701853
"905",71.5,56.1380952380952,0.405850542257926
"906",71.5,57.1380952380952,0.41589373875345
"907",71.5,58.1380952380952,0.428607338712978
"908",71.5,59.1380952380952,0.437838782455173
"909",71.5,60.1380952380952,0.448724264918557
"910",71.5,61.1380952380952,0.459228542414165
"911",71.5,62.1380952380952,0.468870940105164
"912",71.5,63.1380952380952,0.479879072781887
"913",71.5,64.1380952380952,0.489879890857699
"914",71.5,65.1380952380952,0.501504436786722
"915",71.5,66.1380952380952,0.511242818091551
"916",71.5,67.1380952380952,0.522814820967994
"917",71.5,68.1380952380952,0.532919683756294
"918",71.5,69.1380952380952,0.543425543466182
"919",71.5,70.1380952380952,0.553747113976628
"920",71.5,71.1380952380952,0.564089202454475
"921",71.5,72.1380952380952,0.575568400273603
"922",71.5,73.1380952380952,0.584892474914331
"923",71.5,74.1380952380952,0.596063427117599
"924",71.5,75.1380952380952,0.606625974368356
"925",72.5,34.1380952380952,0.181923578417845
"926",72.5,35.1380952380952,0.193122166734827
"927",72.5,36.1380952380952,0.202273549451305
"928",72.5,37.1380952380952,0.213351388673205
"929",72.5,38.1380952380952,0.223909472480444
"930",72.5,39.1380952380952,0.235130434311087
"931",72.5,40.1380952380952,0.244048941155667
"932",72.5,41.1380952380952,0.255359413664871
"933",72.5,42.1380952380952,0.266581194783208
"934",72.5,43.1380952380952,0.275608502403399
"935",72.5,44.1380952380952,0.287288881786966
"936",72.5,45.1380952380952,0.296897699779342
"937",72.5,46.1380952380952,0.307172776643563
"938",72.5,47.1380952380952,0.32060827896853
"939",72.5,48.1380952380952,0.328866430757336
"940",72.5,49.1380952380952,0.337346375340702
"941",72.5,50.1380952380952,0.350772056729266
"942",72.5,51.1380952380952,0.360872450706814
"943",72.5,52.1380952380952,0.371325414366392
"944",72.5,53.1380952380952,0.381473334408924
"945",72.5,54.1380952380952,0.391125344616514
"946",72.5,55.1380952380952,0.403177014067549
"947",72.5,56.1380952380952,0.411437490986705
"948",72.5,57.1380952380952,0.423451547032537
"949",72.5,58.1380952380952,0.434292651062829
"950",72.5,59.1380952380952,0.443384443147592
"951",72.5,60.1380952380952,0.454430886017691
"952",72.5,61.1380952380952,0.465374899000736
"953",72.5,62.1380952380952,0.475638540671693
"954",72.5,63.1380952380952,0.485400468725874
"955",72.5,64.1380952380952,0.497871327718577
"956",72.5,65.1380952380952,0.507732523007157
"957",72.5,66.1380952380952,0.519307990353408
"958",72.5,67.1380952380952,0.528165049529151
"959",72.5,68.1380952380952,0.537724526920983
"960",72.5,69.1380952380952,0.548948620424466
"961",72.5,70.1380952380952,0.560175483268521
"962",72.5,71.1380952380952,0.570301447913068
"963",72.5,72.1380952380952,0.581113681693463
"964",72.5,73.1380952380952,0.59057214467867
"965",72.5,74.1380952380952,0.60080971511636
"966",72.5,75.1380952380952,0.612297122700357
"967",73.5,34.1380952380952,0.188843765292231
"968",73.5,35.1380952380952,0.198857784845229
"969",73.5,36.1380952380952,0.211040935282304
"970",73.5,37.1380952380952,0.220870252142099
"971",73.5,38.1380952380952,0.229110325966217
"972",73.5,39.1380952380952,0.241939292887667
"973",73.5,40.1380952380952,0.2515704598591
"974",73.5,41.1380952380952,0.262505301673216
"975",73.5,42.1380952380952,0.272175637509614
"976",73.5,43.1380952380952,0.282508172178628
"977",73.5,44.1380952380952,0.294822845019827
"978",73.5,45.1380952380952,0.303425063796283
"979",73.5,46.1380952380952,0.314520125288739
"980",73.5,47.1380952380952,0.323520589948877
"981",73.5,48.1380952380952,0.336521025460613
"982",73.5,49.1380952380952,0.344391858466848
"983",73.5,50.1380952380952,0.355872632742516
"984",73.5,51.1380952380952,0.366606975106507
"985",73.5,52.1380952380952,0.376295989378886
"986",73.5,53.1380952380952,0.387140618247972
"987",73.5,54.1380952380952,0.399573617683169
"988",73.5,55.1380952380952,0.409374205484566
"989",73.5,56.1380952380952,0.418770894729052
"990",73.5,57.1380952380952,0.428284550581155
"991",73.5,58.1380952380952,0.440674700954099
"992",73.5,59.1380952380952,0.450874514660813
"993",73.5,60.1380952380952,0.462263433554576
"994",73.5,61.1380952380952,0.471342419377684
"995",73.5,62.1380952380952,0.482849409970449
"996",73.5,63.1380952380952,0.492526690856916
"997",73.5,64.1380952380952,0.501539608291747
"998",73.5,65.1380952380952,0.513792971833468
"999",73.5,66.1380952380952,0.52369419222228
"1000",73.5,67.1380952380952,0.533592372766577
"1001",73.5,68.1380952380952,0.544878344740683
"1002",73.5,69.1380952380952,0.555230255643276
"1003",73.5,70.1380952380952,0.566140423131283
"1004",73.5,71.1380952380952,0.576710155322956
"1005",73.5,72.1380952380952,0.586225460122552
"1006",73.5,73.1380952380952,0.597789711144114
"1007",73.5,74.1380952380952,0.607300191668551
"1008",73.5,75.1380952380952,0.618595140186788
"1009",74.5,34.1380952380952,0.195278281953753
"1010",74.5,35.1380952380952,0.204200386511061
"1011",74.5,36.1380952380952,0.215057036374741
"1012",74.5,37.1380952380952,0.225837541904489
"1013",74.5,38.1380952380952,0.234869669258809
"1014",74.5,39.1380952380952,0.247119278747333
"1015",74.5,40.1380952380952,0.258193826222942
"1016",74.5,41.1380952380952,0.268791230215633
"1017",74.5,42.1380952380952,0.279141325525624
"1018",74.5,43.1380952380952,0.288433892830277
"1019",74.5,44.1380952380952,0.300378054934702
"1020",74.5,45.1380952380952,0.311505553057406
"1021",74.5,46.1380952380952,0.320054647270109
"1022",74.5,47.1380952380952,0.329605285334667
"1023",74.5,48.1380952380952,0.342129218377948
"1024",74.5,49.1380952380952,0.352438269026213
"1025",74.5,50.1380952380952,0.361782023157901
"1026",74.5,51.1380952380952,0.372817642583348
"1027",74.5,52.1380952380952,0.383398567464095
"1028",74.5,53.1380952380952,0.393258429965617
"1029",74.5,54.1380952380952,0.403987522339838
"1030",74.5,55.1380952380952,0.414169980436762
"1031",74.5,56.1380952380952,0.425333059947067
"1032",74.5,57.1380952380952,0.436288039903915
"1033",74.5,58.1380952380952,0.446692571865795
"1034",74.5,59.1380952380952,0.457461492284731
"1035",74.5,60.1380952380952,0.467093540912808
"1036",74.5,61.1380952380952,0.47835148029648
"1037",74.5,62.1380952380952,0.487660423979758
"1038",74.5,63.1380952380952,0.498850678664839
"1039",74.5,64.1380952380952,0.509542228365034
"1040",74.5,65.1380952380952,0.520218620572538
"1041",74.5,66.1380952380952,0.529327998745256
"1042",74.5,67.1380952380952,0.539642051492129
"1043",74.5,68.1380952380952,0.550171385162023
"1044",74.5,69.1380952380952,0.561702990924311
"1045",74.5,70.1380952380952,0.57186686008509
"1046",74.5,71.1380952380952,0.582535166166693
"1047",74.5,72.1380952380952,0.592078932159018
"1048",74.5,73.1380952380952,0.604012277976507
"1049",74.5,74.1380952380952,0.614314610948158
"1050",74.5,75.1380952380952,0.624399872563867
"1051",75.5,34.1380952380952,0.200501066055124
"1052",75.5,35.1380952380952,0.211621909088322
"1053",75.5,36.1380952380952,0.22342661213656
"1054",75.5,37.1380952380952,0.230767702241506
"1055",75.5,38.1380952380952,0.24140772808534
"1056",75.5,39.1380952380952,0.253939610537475
"1057",75.5,40.1380952380952,0.263978983031337
"1058",75.5,41.1380952380952,0.274707010629681
"1059",75.5,42.1380952380952,0.28646807234266
"1060",75.5,43.1380952380952,0.294528450733767
"1061",75.5,44.1380952380952,0.304445622298998
"1062",75.5,45.1380952380952,0.315925367671984
"1063",75.5,46.1380952380952,0.325217897527743
"1064",75.5,47.1380952380952,0.337363372358275
"1065",75.5,48.1380952380952,0.348294630107317
"1066",75.5,49.1380952380952,0.356647230427836
"1067",75.5,50.1380952380952,0.369911008026831
"1068",75.5,51.1380952380952,0.3785831157591
"1069",75.5,52.1380952380952,0.389328014945322
"1070",75.5,53.1380952380952,0.399962160789553
"1071",75.5,54.1380952380952,0.410122266977454
"1072",75.5,55.1380952380952,0.420340736220273
"1073",75.5,56.1380952380952,0.4314945363615
"1074",75.5,57.1380952380952,0.442119853185007
"1075",75.5,58.1380952380952,0.451810068985999
"1076",75.5,59.1380952380952,0.461536648372979
"1077",75.5,60.1380952380952,0.47477471768327
"1078",75.5,61.1380952380952,0.483909725894563
"1079",75.5,62.1380952380952,0.495852249676146
"1080",75.5,63.1380952380952,0.504844342380266
"1081",75.5,64.1380952380952,0.515104126157665
"1082",75.5,65.1380952380952,0.525805300124181
"1083",75.5,66.1380952380952,0.536004329365078
"1084",75.5,67.1380952380952,0.547653061702663
"1085",75.5,68.1380952380952,0.556286802530098
"1086",75.5,69.1380952380952,0.568379986707034
"1087",75.5,70.1380952380952,0.578466455680856
"1088",75.5,71.1380952380952,0.588847633406529
"1089",75.5,72.1380952380952,0.599375210327146
"1090",75.5,73.1380952380952,0.608534632496915
"1091",75.5,74.1380952380952,0.620258626122539
"1092",75.5,75.1380952380952,0.630982037481595
"1093",76.5,34.1380952380952,0.206737811687722
"1094",76.5,35.1380952380952,0.21702010874039
"1095",76.5,36.1380952380952,0.226335938074949
"1096",76.5,37.1380952380952,0.23866971261257
"1097",76.5,38.1380952380952,0.24786827798919
"1098",76.5,39.1380952380952,0.259070630340746
"1099",76.5,40.1380952380952,0.268934991886005
"1100",76.5,41.1380952380952,0.280692435136214
"1101",76.5,42.1380952380952,0.290094597515677
"1102",76.5,43.1380952380952,0.302087016169017
"1103",76.5,44.1380952380952,0.312125298963639
"1104",76.5,45.1380952380952,0.321616296763092
"1105",76.5,46.1380952380952,0.331523167846409
"1106",76.5,47.1380952380952,0.343863937885911
"1107",76.5,48.1380952380952,0.353324519362822
"1108",76.5,49.1380952380952,0.362728898782783
"1109",76.5,50.1380952380952,0.374806280398833
"1110",76.5,51.1380952380952,0.386237732028501
"1111",76.5,52.1380952380952,0.39541663261791
"1112",76.5,53.1380952380952,0.406368881452823
"1113",76.5,54.1380952380952,0.416128142207081
"1114",76.5,55.1380952380952,0.427439676325818
"1115",76.5,56.1380952380952,0.438013070986872
"1116",76.5,57.1380952380952,0.447771235220537
"1117",76.5,58.1380952380952,0.45904075747543
"1118",76.5,59.1380952380952,0.468562801643166
"1119",76.5,60.1380952380952,0.47952259928077
"1120",76.5,61.1380952380952,0.489728091372212
"1121",76.5,62.1380952380952,0.499118329646298
"1122",76.5,63.1380952380952,0.511648194811811
"1123",76.5,64.1380952380952,0.52140092595898
"1124",76.5,65.1380952380952,0.530950052776104
"1125",76.5,66.1380952380952,0.542595970160988
"1126",76.5,67.1380952380952,0.551809383106371
"1127",76.5,68.1380952380952,0.562658168787226
"1128",76.5,69.1380952380952,0.5740809125824
"1129",76.5,70.1380952380952,0.584569279031548
"1130",76.5,71.1380952380952,0.595237072243471
"1131",76.5,72.1380952380952,0.605265219944759
"1132",76.5,73.1380952380952,0.615634326332032
"1133",76.5,74.1380952380952,0.626527112337519
"1134",76.5,75.1380952380952,0.636827077997834
"1135",77.5,34.1380952380952,0.211698456019868
"1136",77.5,35.1380952380952,0.224449096818232
"1137",77.5,36.1380952380952,0.234123847802777
"1138",77.5,37.1380952380952,0.243548710312494
"1139",77.5,38.1380952380952,0.255596632485318
"1140",77.5,39.1380952380952,0.26624902798667
"1141",77.5,40.1380952380952,0.275063609579618
"1142",77.5,41.1380952380952,0.288179926917299
"1143",77.5,42.1380952380952,0.297529289379265
"1144",77.5,43.1380952380952,0.307958609735151
"1145",77.5,44.1380952380952,0.319215348022727
"1146",77.5,45.1380952380952,0.328098092574334
"1147",77.5,46.1380952380952,0.338813115156822
"1148",77.5,47.1380952380952,0.34988650027542
"1149",77.5,48.1380952380952,0.359458832491979
"1150",77.5,49.1380952380952,0.370411674199751
"1151",77.5,50.1380952380952,0.382017504028881
"1152",77.5,51.1380952380952,0.391543222830407
"1153",77.5,52.1380952380952,0.40258822313378
"1154",77.5,53.1380952380952,0.412018003637536
"1155",77.5,54.1380952380952,0.422344911767524
"1156",77.5,55.1380952380952,0.433309062171316
"1157",77.5,56.1380952380952,0.444106650224223
"1158",77.5,57.1380952380952,0.454247322789561
"1159",77.5,58.1380952380952,0.465381269252874
"1160",77.5,59.1380952380952,0.475057162793985
"1161",77.5,60.1380952380952,0.485307284757373
"1162",77.5,61.1380952380952,0.496190713801234
"1163",77.5,62.1380952380952,0.507704984845338
"1164",77.5,63.1380952380952,0.517724390805356
"1165",77.5,64.1380952380952,0.528039162763862
"1166",77.5,65.1380952380952,0.538491785240546
"1167",77.5,66.1380952380952,0.547791675524725
"1168",77.5,67.1380952380952,0.558958375124509
"1169",77.5,68.1380952380952,0.568880925393795
"1170",77.5,69.1380952380952,0.579451497410281
"1171",77.5,70.1380952380952,0.590738039862272
"1172",77.5,71.1380952380952,0.601099114287643
"1173",77.5,72.1380952380952,0.611825361220713
"1174",77.5,73.1380952380952,0.622143530315348
"1175",77.5,74.1380952380952,0.632608449505757
"1176",77.5,75.1380952380952,0.642553757871308
"1177",78.5,34.1380952380952,0.219693686476349
"1178",78.5,35.1380952380952,0.229503998706168
"1179",78.5,36.1380952380952,0.240979971528617
"1180",78.5,37.1380952380952,0.251256553840427
"1181",78.5,38.1380952380952,0.260475720573474
"1182",78.5,39.1380952380952,0.271163950273501
"1183",78.5,40.1380952380952,0.281000359038975
"1184",78.5,41.1380952380952,0.291950992899357
"1185",78.5,42.1380952380952,0.302598047092318
"1186",78.5,43.1380952380952,0.314949832673644
"1187",78.5,44.1380952380952,0.324658924031673
"1188",78.5,45.1380952380952,0.33417260828234
"1189",78.5,46.1380952380952,0.344669924600359
"1190",78.5,47.1380952380952,0.355739384320346
"1191",78.5,48.1380952380952,0.364243381570007
"1192",78.5,49.1380952380952,0.376732729999726
"1193",78.5,50.1380952380952,0.386943314538766
"1194",78.5,51.1380952380952,0.396554157606839
"1195",78.5,52.1380952380952,0.408039957117515
"1196",78.5,53.1380952380952,0.418333678858733
"1197",78.5,54.1380952380952,0.428349842806805
"1198",78.5,55.1380952380952,0.439645812077696
"1199",78.5,56.1380952380952,0.449737939965764
"1200",78.5,57.1380952380952,0.461441100435838
"1201",78.5,58.1380952380952,0.472114437086981
"1202",78.5,59.1380952380952,0.480568133010188
"1203",78.5,60.1380952380952,0.491650798093375
"1204",78.5,61.1380952380952,0.502389884163091
"1205",78.5,62.1380952380952,0.512599808548831
"1206",78.5,63.1380952380952,0.522701430317518
"1207",78.5,64.1380952380952,0.534106031603666
"1208",78.5,65.1380952380952,0.543574808603783
"1209",78.5,66.1380952380952,0.554528447093303
"1210",78.5,67.1380952380952,0.5656847349896
"1211",78.5,68.1380952380952,0.575378245237275
"1212",78.5,69.1380952380952,0.586955520425962
"1213",78.5,70.1380952380952,0.59599377441945
"1214",78.5,71.1380952380952,0.607099088872737
"1215",78.5,72.1380952380952,0.617720456490289
"1216",78.5,73.1380952380952,0.627484205478238
"1217",78.5,74.1380952380952,0.638938530165424
"1218",78.5,75.1380952380952,0.649405406675192
"1219",79.5,34.1380952380952,0.226605752934485
"1220",79.5,35.1380952380952,0.234818052515733
"1221",79.5,36.1380952380952,0.247036935488281
"1222",79.5,37.1380952380952,0.256546079339342
"1223",79.5,38.1380952380952,0.265986616837138
"1224",79.5,39.1380952380952,0.279192844807711
"1225",79.5,40.1380952380952,0.285930598023122
"1226",79.5,41.1380952380952,0.299662517308395
"1227",79.5,42.1380952380952,0.309160879669933
"1228",79.5,43.1380952380952,0.319458072186005
"1229",79.5,44.1380952380952,0.32999531774517
"1230",79.5,45.1380952380952,0.341193598038125
"1231",79.5,46.1380952380952,0.351444394759539
"1232",79.5,47.1380952380952,0.361785111453099
"1233",79.5,48.1380952380952,0.372237544104929
"1234",79.5,49.1380952380952,0.382210208469798
"1235",79.5,50.1380952380952,0.392222500380389
"1236",79.5,51.1380952380952,0.404199022935259
"1237",79.5,52.1380952380952,0.414829251446545
"1238",79.5,53.1380952380952,0.424712352852607
"1239",79.5,54.1380952380952,0.434681332227086
"1240",79.5,55.1380952380952,0.444784918974854
"1241",79.5,56.1380952380952,0.456803868349237
"1242",79.5,57.1380952380952,0.466205180293959
"1243",79.5,58.1380952380952,0.477645783721228
"1244",79.5,59.1380952380952,0.487958227054506
"1245",79.5,60.1380952380952,0.498609428246939
"1246",79.5,61.1380952380952,0.509942735118009
"1247",79.5,62.1380952380952,0.518815872959321
"1248",79.5,63.1380952380952,0.529004945041591
"1249",79.5,64.1380952380952,0.539870231504173
"1250",79.5,65.1380952380952,0.550351772709647
"1251",79.5,66.1380952380952,0.561309920544885
"1252",79.5,67.1380952380952,0.571382312839703
"1253",79.5,68.1380952380952,0.582612343238305
"1254",79.5,69.1380952380952,0.592310999276658
"1255",79.5,70.1380952380952,0.603230570414274
"1256",79.5,71.1380952380952,0.613503681835112
"1257",79.5,72.1380952380952,0.624229900674494
"1258",79.5,73.1380952380952,0.634655870346488
"1259",79.5,74.1380952380952,0.644051353541215
"1260",79.5,75.1380952380952,0.655730395129206
"1261",80.5,34.1380952380952,0.231449181685541
"1262",80.5,35.1380952380952,0.241929555914213
"1263",80.5,36.1380952380952,0.252603021261197
"1264",80.5,37.1380952380952,0.262810187881582
"1265",80.5,38.1380952380952,0.273415534988114
"1266",80.5,39.1380952380952,0.283280068152313
"1267",80.5,40.1380952380952,0.295620033047133
"1268",80.5,41.1380952380952,0.304918454415042
"1269",80.5,42.1380952380952,0.31506364952322
"1270",80.5,43.1380952380952,0.325732237661308
"1271",80.5,44.1380952380952,0.335792321336815
"1272",80.5,45.1380952380952,0.347331250339326
"1273",80.5,46.1380952380952,0.354762484456288
"1274",80.5,47.1380952380952,0.366907760249748
"1275",80.5,48.1380952380952,0.378700497050819
"1276",80.5,49.1380952380952,0.388749895703506
"1277",80.5,50.1380952380952,0.398871753263821
"1278",80.5,51.1380952380952,0.409181050814401
"1279",80.5,52.1380952380952,0.421457757047946
"1280",80.5,53.1380952380952,0.430250725863768
"1281",80.5,54.1380952380952,0.441522612733258
"1282",80.5,55.1380952380952,0.452688681213962
"1283",80.5,56.1380952380952,0.462824095971141
"1284",80.5,57.1380952380952,0.472466210018818
"1285",80.5,58.1380952380952,0.483038408110581
"1286",80.5,59.1380952380952,0.494133796878821
"1287",80.5,60.1380952380952,0.504575391815285
"1288",80.5,61.1380952380952,0.513783991815689
"1289",80.5,62.1380952380952,0.52482825778159
"1290",80.5,63.1380952380952,0.535776423111449
"1291",80.5,64.1380952380952,0.547715890138021
"1292",80.5,65.1380952380952,0.55661863919915
"1293",80.5,66.1380952380952,0.567123747466053
"1294",80.5,67.1380952380952,0.578277476828135
"1295",80.5,68.1380952380952,0.587515304465247
"1296",80.5,69.1380952380952,0.599119720790155
"1297",80.5,70.1380952380952,0.608420680854122
"1298",80.5,71.1380952380952,0.619203085117455
"1299",80.5,72.1380952380952,0.629211135105826
"1300",80.5,73.1380952380952,0.640201980743898
"1301",80.5,74.1380952380952,0.650907050396045
"1302",80.5,75.1380952380952,0.660986634493382
"1303",81.5,34.1380952380952,0.236412740290822
"1304",81.5,35.1380952380952,0.247284758717109
"1305",81.5,36.1380952380952,0.258068706204806
"1306",81.5,37.1380952380952,0.269201064332099
"1307",81.5,38.1380952380952,0.27960199247012
"1308",81.5,39.1380952380952,0.289480523636954
"1309",81.5,40.1380952380952,0.299608733961314
"1310",81.5,41.1380952380952,0.310508006916441
"1311",81.5,42.1380952380952,0.321097771719003
"1312",81.5,43.1380952380952,0.333377481952684
"1313",81.5,44.1380952380952,0.342048969059393
"1314",81.5,45.1380952380952,0.353347737378992
"1315",81.5,46.1380952380952,0.363788916982594
"1316",81.5,47.1380952380952,0.373030507526895
"1317",81.5,48.1380952380952,0.385006330696251
"1318",81.5,49.1380952380952,0.395565578131465
"1319",81.5,50.1380952380952,0.405788894402365
"1320",81.5,51.1380952380952,0.415364893769459
"1321",81.5,52.1380952380952,0.424602186956776
"1322",81.5,53.1380952380952,0.435768433611128
"1323",81.5,54.1380952380952,0.447111999498228
"1324",81.5,55.1380952380952,0.458105389667958
"1325",81.5,56.1380952380952,0.468974681350167
"1326",81.5,57.1380952380952,0.478959371119105
"1327",81.5,58.1380952380952,0.488322168324098
"1328",81.5,59.1380952380952,0.49865189352749
"1329",81.5,60.1380952380952,0.510742201173761
"1330",81.5,61.1380952380952,0.520825331370666
"1331",81.5,62.1380952380952,0.531201441198127
"1332",81.5,63.1380952380952,0.540904815632584
"1333",81.5,64.1380952380952,0.551242815077088
"1334",81.5,65.1380952380952,0.562312761410946
"1335",81.5,66.1380952380952,0.572694768447794
"1336",81.5,67.1380952380952,0.583722089388144
"1337",81.5,68.1380952380952,0.593648895921672
"1338",81.5,69.1380952380952,0.605276817148255
"1339",81.5,70.1380952380952,0.615344206088919
"1340",81.5,71.1380952380952,0.626212991928923
"1341",81.5,72.1380952380952,0.637189995848012
"1342",81.5,73.1380952380952,0.647060912564237
"1343",81.5,74.1380952380952,0.656705274274956
"1344",81.5,75.1380952380952,0.667774277441083
"1345",82.5,34.1380952380952,0.244861218781688
"1346",82.5,35.1380952380952,0.255091293192908
"1347",82.5,36.1380952380952,0.265998867821322
"1348",82.5,37.1380952380952,0.274214959443713
"1349",82.5,38.1380952380952,0.286682664189023
"1350",82.5,39.1380952380952,0.296479497503027
"1351",82.5,40.1380952380952,0.306092791601987
"1352",82.5,41.1380952380952,0.318665434655621
"1353",82.5,42.1380952380952,0.328089537745726
"1354",82.5,43.1380952380952,0.337166670413598
"1355",82.5,44.1380952380952,0.349004341965747
"1356",82.5,45.1380952380952,0.360171711384664
"1357",82.5,46.1380952380952,0.370019693077146
"1358",82.5,47.1380952380952,0.379516860114422
"1359",82.5,48.1380952380952,0.390923875724941
"1360",82.5,49.1380952380952,0.399613459053151
"1361",82.5,50.1380952380952,0.411923016318018
"1362",82.5,51.1380952380952,0.421636963626495
"1363",82.5,52.1380952380952,0.432330075979984
"1364",82.5,53.1380952380952,0.441939231796051
"1365",82.5,54.1380952380952,0.453536773438196
"1366",82.5,55.1380952380952,0.464192107137363
"1367",82.5,56.1380952380952,0.475545705895395
"1368",82.5,57.1380952380952,0.485049042495408
"1369",82.5,58.1380952380952,0.495319058250657
"1370",82.5,59.1380952380952,0.50611339567122
"1371",82.5,60.1380952380952,0.516177965603872
"1372",82.5,61.1380952380952,0.526959956131563
"1373",82.5,62.1380952380952,0.53657715099538
"1374",82.5,63.1380952380952,0.548774806645094
"1375",82.5,64.1380952380952,0.558842263669142
"1376",82.5,65.1380952380952,0.56928579487128
"1377",82.5,66.1380952380952,0.579382485316216
"1378",82.5,67.1380952380952,0.58970668531144
"1379",82.5,68.1380952380952,0.60017655261397
"1380",82.5,69.1380952380952,0.610830098984792
"1381",82.5,70.1380952380952,0.620944518600836
"1382",82.5,71.1380952380952,0.631358471997312
"1383",82.5,72.1380952380952,0.643014031955438
"1384",82.5,73.1380952380952,0.653687992303449
"1385",82.5,74.1380952380952,0.663656443085474
"1386",82.5,75.1380952380952,0.673632930835625
"1387",83.5,34.1380952380952,0.250154887402238
"1388",83.5,35.1380952380952,0.258875210884706
"1389",83.5,36.1380952380952,0.270593116049563
"1390",83.5,37.1380952380952,0.281342623079081
"1391",83.5,38.1380952380952,0.291301656176523
"1392",83.5,39.1380952380952,0.302793951856299
"1393",83.5,40.1380952380952,0.312339182615267
"1394",83.5,41.1380952380952,0.323242374911979
"1395",83.5,42.1380952380952,0.334699265241423
"1396",83.5,43.1380952380952,0.345053951173105
"1397",83.5,44.1380952380952,0.356191882113212
"1398",83.5,45.1380952380952,0.364473158187572
"1399",83.5,46.1380952380952,0.375927996151493
"1400",83.5,47.1380952380952,0.386334193992438
"1401",83.5,48.1380952380952,0.396491257540444
"1402",83.5,49.1380952380952,0.4067835606903
"1403",83.5,50.1380952380952,0.417470012858643
"1404",83.5,51.1380952380952,0.42817978302644
"1405",83.5,52.1380952380952,0.438461672913261
"1406",83.5,53.1380952380952,0.449196995956183
"1407",83.5,54.1380952380952,0.459913169825242
"1408",83.5,55.1380952380952,0.470342008691208
"1409",83.5,56.1380952380952,0.480927727499119
"1410",83.5,57.1380952380952,0.49160685273197
"1411",83.5,58.1380952380952,0.503015707899479
"1412",83.5,59.1380952380952,0.512662296223115
"1413",83.5,60.1380952380952,0.523040013837038
"1414",83.5,61.1380952380952,0.533258682477372
"1415",83.5,62.1380952380952,0.543949488114672
"1416",83.5,63.1380952380952,0.55417445807361
"1417",83.5,64.1380952380952,0.565500572534971
"1418",83.5,65.1380952380952,0.575811891857513
"1419",83.5,66.1380952380952,0.584834143776913
"1420",83.5,67.1380952380952,0.596686114120086
"1421",83.5,68.1380952380952,0.606240050078137
"1422",83.5,69.1380952380952,0.616376208246768
"1423",83.5,70.1380952380952,0.627832465309274
"1424",83.5,71.1380952380952,0.637989453759265
"1425",83.5,72.1380952380952,0.64827436216047
"1426",83.5,73.1380952380952,0.658809614573149
"1427",83.5,74.1380952380952,0.669376199748393
"1428",83.5,75.1380952380952,0.67920206857776
"1429",84.5,34.1380952380952,0.255991715742336
"1430",84.5,35.1380952380952,0.267000058250378
"1431",84.5,36.1380952380952,0.277999863020958
"1432",84.5,37.1380952380952,0.286733576619756
"1433",84.5,38.1380952380952,0.298455255505813
"1434",84.5,39.1380952380952,0.307411064846745
"1435",84.5,40.1380952380952,0.319555861768642
"1436",84.5,41.1380952380952,0.330743408756936
"1437",84.5,42.1380952380952,0.338641094229383
"1438",84.5,43.1380952380952,0.350364910295802
"1439",84.5,44.1380952380952,0.362152794530003
"1440",84.5,45.1380952380952,0.371484912445919
"1441",84.5,46.1380952380952,0.381782166571576
"1442",84.5,47.1380952380952,0.393085404273914
"1443",84.5,48.1380952380952,0.402611992864054
"1444",84.5,49.1380952380952,0.413818766584716
"1445",84.5,50.1380952380952,0.424381510020963
"1446",84.5,51.1380952380952,0.434697415982508
"1447",84.5,52.1380952380952,0.444073332815359
"1448",84.5,53.1380952380952,0.456460880189401
"1449",84.5,54.1380952380952,0.466330984540736
"1450",84.5,55.1380952380952,0.476003169796697
"1451",84.5,56.1380952380952,0.48662960834401
"1452",84.5,57.1380952380952,0.49813886358503
"1453",84.5,58.1380952380952,0.509154502686441
"1454",84.5,59.1380952380952,0.517869162675838
"1455",84.5,60.1380952380952,0.529487431028812
"1456",84.5,61.1380952380952,0.539349593599456
"1457",84.5,62.1380952380952,0.548873806430934
"1458",84.5,63.1380952380952,0.560444729057506
"1459",84.5,64.1380952380952,0.570756128705806
"1460",84.5,65.1380952380952,0.58166894407131
"1461",84.5,66.1380952380952,0.591827599980375
"1462",84.5,67.1380952380952,0.601623798988396
"1463",84.5,68.1380952380952,0.612119060650422
"1464",84.5,69.1380952380952,0.623200682873094
"1465",84.5,70.1380952380952,0.63415556042294
"1466",84.5,71.1380952380952,0.644499060041825
"1467",84.5,72.1380952380952,0.654747934485169
"1468",84.5,73.1380952380952,0.665346923480291
"1469",84.5,74.1380952380952,0.675200717254008
"1470",84.5,75.1380952380952,0.686075011844409
"1471",85.5,34.1380952380952,0.262035983276094
"1472",85.5,35.1380952380952,0.272289841881298
"1473",85.5,36.1380952380952,0.283316333631002
"1474",85.5,37.1380952380952,0.293494402220557
"1475",85.5,38.1380952380952,0.304798978115812
"1476",85.5,39.1380952380952,0.314751800859265
"1477",85.5,40.1380952380952,0.324484142546032
"1478",85.5,41.1380952380952,0.337033498919168
"1479",85.5,42.1380952380952,0.345894491442641
"1480",85.5,43.1380952380952,0.356855423465448
"1481",85.5,44.1380952380952,0.365929665578703
"1482",85.5,45.1380952380952,0.37694899779266
"1483",85.5,46.1380952380952,0.387998339415963
"1484",85.5,47.1380952380952,0.398473944422258
"1485",85.5,48.1380952380952,0.408599905192544
"1486",85.5,49.1380952380952,0.419803335484014
"1487",85.5,50.1380952380952,0.430517253589503
"1488",85.5,51.1380952380952,0.440907544211064
"1489",85.5,52.1380952380952,0.451011570474068
"1490",85.5,53.1380952380952,0.460659859018182
"1491",85.5,54.1380952380952,0.472627727137569
"1492",85.5,55.1380952380952,0.48233414224992
"1493",85.5,56.1380952380952,0.493394851545143
"1494",85.5,57.1380952380952,0.502245537456841
"1495",85.5,58.1380952380952,0.514765684875516
"1496",85.5,59.1380952380952,0.524901389748241
"1497",85.5,60.1380952380952,0.535167296725428
"1498",85.5,61.1380952380952,0.546689219660216
"1499",85.5,62.1380952380952,0.554722671310316
"1500",85.5,63.1380952380952,0.565853011051395
"1501",85.5,64.1380952380952,0.576927077675845
"1502",85.5,65.1380952380952,0.587458473381913
"1503",85.5,66.1380952380952,0.597876283308095
"1504",85.5,67.1380952380952,0.608371386665906
"1505",85.5,68.1380952380952,0.618600592381917
"1506",85.5,69.1380952380952,0.62904007759319
"1507",85.5,70.1380952380952,0.640274770982188
"1508",85.5,71.1380952380952,0.649783275698214
"1509",85.5,72.1380952380952,0.65950986474069
"1510",85.5,73.1380952380952,0.671870559749549
"1511",85.5,74.1380952380952,0.681741488020513
"1512",85.5,75.1380952380952,0.692128233614341
"1513",86.5,34.1380952380952,0.269572609527248
"1514",86.5,35.1380952380952,0.279696719491825
"1515",86.5,36.1380952380952,0.290024437593265
"1516",86.5,37.1380952380952,0.297497726353765
"1517",86.5,38.1380952380952,0.310942575791806
"1518",86.5,39.1380952380952,0.320478535248258
"1519",86.5,40.1380952380952,0.33196810959405
"1520",86.5,41.1380952380952,0.341447545482799
"1521",86.5,42.1380952380952,0.35329485693839
"1522",86.5,43.1380952380952,0.36416005707726
"1523",86.5,44.1380952380952,0.374902560276639
"1524",86.5,45.1380952380952,0.383648607764248
"1525",86.5,46.1380952380952,0.39487610917805
"1526",86.5,47.1380952380952,0.405476775260342
"1527",86.5,48.1380952380952,0.415073668121999
"1528",86.5,49.1380952380952,0.425551136803049
"1529",86.5,50.1380952380952,0.436610494482591
"1530",86.5,51.1380952380952,0.448202086658543
"1531",86.5,52.1380952380952,0.45710944348939
"1532",86.5,53.1380952380952,0.469435879987921
"1533",86.5,54.1380952380952,0.47700923819636
"1534",86.5,55.1380952380952,0.488694650939235
"1535",86.5,56.1380952380952,0.499085271444906
"1536",86.5,57.1380952380952,0.509721206103062
"1537",86.5,58.1380952380952,0.520000891147854
"1538",86.5,59.1380952380952,0.530294620314675
"1539",86.5,60.1380952380952,0.540456006833112
"1540",86.5,61.1380952380952,0.551342729915366
"1541",86.5,62.1380952380952,0.56292441333568
"1542",86.5,63.1380952380952,0.572564176516073
"1543",86.5,64.1380952380952,0.582560840205835
"1544",86.5,65.1380952380952,0.593296214655114
"1545",86.5,66.1380952380952,0.603729357410522
"1546",86.5,67.1380952380952,0.61400191606019
"1547",86.5,68.1380952380952,0.624381706857779
"1548",86.5,69.1380952380952,0.636008629329152
"1549",86.5,70.1380952380952,0.646108898517179
"1550",86.5,71.1380952380952,0.655971463963122
"1551",86.5,72.1380952380952,0.666621852445316
"1552",86.5,73.1380952380952,0.677718992328039
"1553",86.5,74.1380952380952,0.687539614202662
"1554",86.5,75.1380952380952,0.698341378423679
"1555",87.5,34.1380952380952,0.274597259806254
"1556",87.5,35.1380952380952,0.285079219535233
"1557",87.5,36.1380952380952,0.296367285266611
"1558",87.5,37.1380952380952,0.306758621459609
"1559",87.5,38.1380952380952,0.315783176633214
"1560",87.5,39.1380952380952,0.326978801153608
"1561",87.5,40.1380952380952,0.337277976582567
"1562",87.5,41.1380952380952,0.348055576776962
"1563",87.5,42.1380952380952,0.358308560415023
"1564",87.5,43.1380952380952,0.368554163658584
"1565",87.5,44.1380952380952,0.379693284604461
"1566",87.5,45.1380952380952,0.389586793302397
"1567",87.5,46.1380952380952,0.400840091268202
"1568",87.5,47.1380952380952,0.411297741385387
"1569",87.5,48.1380952380952,0.421976452479383
"1570",87.5,49.1380952380952,0.432685494397353
"1571",87.5,50.1380952380952,0.442032407218252
"1572",87.5,51.1380952380952,0.453143922130605
"1573",87.5,52.1380952380952,0.462994382227228
"1574",87.5,53.1380952380952,0.474624681828108
"1575",87.5,54.1380952380952,0.484887375400261
"1576",87.5,55.1380952380952,0.494859301332363
"1577",87.5,56.1380952380952,0.505538303798171
"1578",87.5,57.1380952380952,0.515478038791066
"1579",87.5,58.1380952380952,0.526424111561884
"1580",87.5,59.1380952380952,0.537660202200966
"1581",87.5,60.1380952380952,0.546545229981824
"1582",87.5,61.1380952380952,0.557936919580022
"1583",87.5,62.1380952380952,0.568286798377354
"1584",87.5,63.1380952380952,0.578341428068983
"1585",87.5,64.1380952380952,0.589872473336446
"1586",87.5,65.1380952380952,0.59950289773292
"1587",87.5,66.1380952380952,0.610518044434259
"1588",87.5,67.1380952380952,0.621048260203183
"1589",87.5,68.1380952380952,0.631630116963822
"1590",87.5,69.1380952380952,0.641280894652782
"1591",87.5,70.1380952380952,0.652254993195088
"1592",87.5,71.1380952380952,0.662600384175512
"1593",87.5,72.1380952380952,0.672517134486524
"1594",87.5,73.1380952380952,0.683292684807208
"1595",87.5,74.1380952380952,0.69423039703
"1596",87.5,75.1380952380952,0.704159819338042
"1597",88.5,34.1380952380952,0.28110867719343
"1598",88.5,35.1380952380952,0.291583746189895
"1599",88.5,36.1380952380952,0.303473373029055
"1600",88.5,37.1380952380952,0.311484859093978
"1601",88.5,38.1380952380952,0.322205920976765
"1602",88.5,39.1380952380952,0.332326713748969
"1603",88.5,40.1380952380952,0.344289721756641
"1604",88.5,41.1380952380952,0.354589990850915
"1605",88.5,42.1380952380952,0.364542285833523
"1606",88.5,43.1380952380952,0.375500657792812
"1607",88.5,44.1380952380952,0.38552317057744
"1608",88.5,45.1380952380952,0.396012633322158
"1609",88.5,46.1380952380952,0.405271290609618
"1610",88.5,47.1380952380952,0.415234492804569
"1611",88.5,48.1380952380952,0.427874150109325
"1612",88.5,49.1380952380952,0.43698223606566
"1613",88.5,50.1380952380952,0.44738011508964
"1614",88.5,51.1380952380952,0.458430714267341
"1615",88.5,52.1380952380952,0.470491733447597
"1616",88.5,53.1380952380952,0.480578862954504
"1617",88.5,54.1380952380952,0.490835193911889
"1618",88.5,55.1380952380952,0.501654533919667
"1619",88.5,56.1380952380952,0.511573281335997
"1620",88.5,57.1380952380952,0.521419768226526
"1621",88.5,58.1380952380952,0.532461238887862
"1622",88.5,59.1380952380952,0.543162946720977
"1623",88.5,60.1380952380952,0.553713830669062
"1624",88.5,61.1380952380952,0.563375145284417
"1625",88.5,62.1380952380952,0.573609675715622
"1626",88.5,63.1380952380952,0.584785136242052
"1627",88.5,64.1380952380952,0.595605416607149
"1628",88.5,65.1380952380952,0.606430052561471
"1629",88.5,66.1380952380952,0.617064201543638
"1630",88.5,67.1380952380952,0.627029684399167
"1631",88.5,68.1380952380952,0.63760566638764
"1632",88.5,69.1380952380952,0.648317140974068
"1633",88.5,70.1380952380952,0.658468934610457
"1634",88.5,71.1380952380952,0.669474102660059
"1635",88.5,72.1380952380952,0.679452899071615
"1636",88.5,73.1380952380952,0.688830990418141
"1637",88.5,74.1380952380952,0.699791065158504
"1638",88.5,75.1380952380952,0.710235602594449
"1639",89.5,34.1380952380952,0.286825548345313
"1640",89.5,35.1380952380952,0.29662120798517
"1641",89.5,36.1380952380952,0.307384940281174
"1642",89.5,37.1380952380952,0.31988009936416
"1643",89.5,38.1380952380952,0.328628367705093
"1644",89.5,39.1380952380952,0.339846429377197
"1645",89.5,40.1380952380952,0.34907124576818
"1646",89.5,41.1380952380952,0.361113637903572
"1647",89.5,42.1380952380952,0.370785021911552
"1648",89.5,43.1380952380952,0.381474489811423
"1649",89.5,44.1380952380952,0.391916810621886
"1650",89.5,45.1380952380952,0.401856724166394
"1651",89.5,46.1380952380952,0.412604829100881
"1652",89.5,47.1380952380952,0.423583487623213
"1653",89.5,48.1380952380952,0.433439929622385
"1654",89.5,49.1380952380952,0.444159916643573
"1655",89.5,50.1380952380952,0.454511477076406
"1656",89.5,51.1380952380952,0.46574848996846
"1657",89.5,52.1380952380952,0.475864801738173
"1658",89.5,53.1380952380952,0.486326734467789
"1659",89.5,54.1380952380952,0.496234994419069
"1660",89.5,55.1380952380952,0.508373267797473
"1661",89.5,56.1380952380952,0.517990735149885
"1662",89.5,57.1380952380952,0.527746699012888
"1663",89.5,58.1380952380952,0.538077345800966
"1664",89.5,59.1380952380952,0.549426293288816
"1665",89.5,60.1380952380952,0.558974370100637
"1666",89.5,61.1380952380952,0.570926810494888
"1667",89.5,62.1380952380952,0.580554522379162
"1668",89.5,63.1380952380952,0.591257343123252
"1669",89.5,64.1380952380952,0.601449238883962
"1670",89.5,65.1380952380952,0.613331242017665
"1671",89.5,66.1380952380952,0.622763923163777
"1672",89.5,67.1380952380952,0.633420254834185
"1673",89.5,68.1380952380952,0.643357364054479
"1674",89.5,69.1380952380952,0.65420118669194
"1675",89.5,70.1380952380952,0.664644876082729
"1676",89.5,71.1380952380952,0.674992037913229
"1677",89.5,72.1380952380952,0.685796534594177
"1678",89.5,73.1380952380952,0.695527197232927
"1679",89.5,74.1380952380952,0.706954829563459
"1680",89.5,75.1380952380952,0.716586298082456
"1681",90.5,34.1380952380952,0.292995902842267
"1682",90.5,35.1380952380952,0.304130617355466
"1683",90.5,36.1380952380952,0.315279377375851
"1684",90.5,37.1380952380952,0.325468913915988
"1685",90.5,38.1380952380952,0.335540684895292
"1686",90.5,39.1380952380952,0.344843122601884
"1687",90.5,40.1380952380952,0.356463037080618
"1688",90.5,41.1380952380952,0.366688901348648
"1689",90.5,42.1380952380952,0.375673529287435
"1690",90.5,43.1380952380952,0.387642916671129
"1691",90.5,44.1380952380952,0.398056904344628
"1692",90.5,45.1380952380952,0.40727292688192
"1693",90.5,46.1380952380952,0.419190216855329
"1694",90.5,47.1380952380952,0.429115916601358
"1695",90.5,48.1380952380952,0.441122555904329
"1696",90.5,49.1380952380952,0.449725109844952
"1697",90.5,50.1380952380952,0.46091567930993
"1698",90.5,51.1380952380952,0.470746193839013
"1699",90.5,52.1380952380952,0.482415254373909
"1700",90.5,53.1380952380952,0.491473420575083
"1701",90.5,54.1380952380952,0.50380400661709
"1702",90.5,55.1380952380952,0.514006577623315
"1703",90.5,56.1380952380952,0.523939761194828
"1704",90.5,57.1380952380952,0.534714282994385
"1705",90.5,58.1380952380952,0.545300578356554
"1706",90.5,59.1380952380952,0.554783631783968
"1707",90.5,60.1380952380952,0.565801079171337
"1708",90.5,61.1380952380952,0.576044649960398
"1709",90.5,62.1380952380952,0.587460377632907
"1710",90.5,63.1380952380952,0.596630707365425
"1711",90.5,64.1380952380952,0.607698193933275
"1712",90.5,65.1380952380952,0.617922667384297
"1713",90.5,66.1380952380952,0.628719886731569
"1714",90.5,67.1380952380952,0.639278700183705
"1715",90.5,68.1380952380952,0.649286403035547
"1716",90.5,69.1380952380952,0.65986362399892
"1717",90.5,70.1380952380952,0.671431213697573
"1718",90.5,71.1380952380952,0.681581768112109
"1719",90.5,72.1380952380952,0.692071643820639
"1720",90.5,73.1380952380952,0.702546695530461
"1721",90.5,74.1380952380952,0.712706645043357
"1722",90.5,75.1380952380952,0.723329524783964
"1723",91.5,34.1380952380952,0.300639155504537
"1724",91.5,35.1380952380952,0.308746298224293
"1725",91.5,36.1380952380952,0.319516117864007
"1726",91.5,37.1380952380952,0.330873595758821
"1727",91.5,38.1380952380952,0.343089946191393
"1728",91.5,39.1380952380952,0.351296504366587
"1729",91.5,40.1380952380952,0.36174498339666
"1730",91.5,41.1380952380952,0.37384757268878
"1731",91.5,42.1380952380952,0.38371155057701
"1732",91.5,43.1380952380952,0.394847279220115
"1733",91.5,44.1380952380952,0.404098846171534
"1734",91.5,45.1380952380952,0.414269857325732
"1735",91.5,46.1380952380952,0.425144737112713
"1736",91.5,47.1380952380952,0.435919311263327
"1737",91.5,48.1380952380952,0.444656113795984
"1738",91.5,49.1380952380952,0.457700780739634
"1739",91.5,50.1380952380952,0.466691395280936
"1740",91.5,51.1380952380952,0.477514736250515
"1741",91.5,52.1380952380952,0.488024859863796
"1742",91.5,53.1380952380952,0.498184087371984
"1743",91.5,54.1380952380952,0.509310584018384
"1744",91.5,55.1380952380952,0.519625017636753
"1745",91.5,56.1380952380952,0.529451474819775
"1746",91.5,57.1380952380952,0.540395414858816
"1747",91.5,58.1380952380952,0.550435104856728
"1748",91.5,59.1380952380952,0.56111508274549
"1749",91.5,60.1380952380952,0.572012443336416
"1750",91.5,61.1380952380952,0.582040472612157
"1751",91.5,62.1380952380952,0.593389927377826
"1752",91.5,63.1380952380952,0.60365895246246
"1753",91.5,64.1380952380952,0.613927899830165
"1754",91.5,65.1380952380952,0.625110126964388
"1755",91.5,66.1380952380952,0.635086959276668
"1756",91.5,67.1380952380952,0.644698195859232
"1757",91.5,68.1380952380952,0.655578447781938
"1758",91.5,69.1380952380952,0.666557044628462
"1759",91.5,70.1380952380952,0.677073836954329
"1760",91.5,71.1380952380952,0.687346214161969
"1761",91.5,72.1380952380952,0.697386628010554
"1762",91.5,73.1380952380952,0.708319784284006
"1763",91.5,74.1380952380952,0.719031413779938
"1764",91.5,75.1380952380952,0.729208443695194
"1765",92.5,34.1380952380952,0.304903953793142
"1766",92.5,35.1380952380952,0.315880294265272
"1767",92.5,36.1380952380952,0.325255917674257
"1768",92.5,37.1380952380952,0.337832025265819
"1769",92.5,38.1380952380952,0.347944819505389
"1770",92.5,39.1380952380952,0.358334380735018
"1771",92.5,40.1380952380952,0.368036937324724
"1772",92.5,41.1380952380952,0.378312425233227
"1773",92.5,42.1380952380952,0.390120799235742
"1774",92.5,43.1380952380952,0.400013860911627
"1775",92.5,44.1380952380952,0.408449613006668
"1776",92.5,45.1380952380952,0.420459025949063
"1777",92.5,46.1380952380952,0.43136310326462
"1778",92.5,47.1380952380952,0.442206853725096
"1779",92.5,48.1380952380952,0.453247630206574
"1780",92.5,49.1380952380952,0.46247454131536
"1781",92.5,50.1380952380952,0.472594866239281
"1782",92.5,51.1380952380952,0.483083945904022
"1783",92.5,52.1380952380952,0.494005576932814
"1784",92.5,53.1380952380952,0.505053276272464
"1785",92.5,54.1380952380952,0.514057406775542
"1786",92.5,55.1380952380952,0.526757375406797
"1787",92.5,56.1380952380952,0.535537086813787
"1788",92.5,57.1380952380952,0.546538765363987
"1789",92.5,58.1380952380952,0.557193889723232
"1790",92.5,59.1380952380952,0.567647176549404
"1791",92.5,60.1380952380952,0.577830920485245
"1792",92.5,61.1380952380952,0.587086496954888
"1793",92.5,62.1380952380952,0.598665477829166
"1794",92.5,63.1380952380952,0.609184321791526
"1795",92.5,64.1380952380952,0.620056146563587
"1796",92.5,65.1380952380952,0.629771645985312
"1797",92.5,66.1380952380952,0.641207584615944
"1798",92.5,67.1380952380952,0.651220235098627
"1799",92.5,68.1380952380952,0.662004146446279
"1800",92.5,69.1380952380952,0.672016313665287
"1801",92.5,70.1380952380952,0.684132634597695
"1802",92.5,71.1380952380952,0.693600936411816
"1803",92.5,72.1380952380952,0.703686465528174
"1804",92.5,73.1380952380952,0.714804434148899
"1805",92.5,74.1380952380952,0.725321640271561
"1806",92.5,75.1380952380952,0.736172082026784
"1807",93.5,34.1380952380952,0.3110897415681
"1808",93.5,35.1380952380952,0.323069434262782
"1809",93.5,36.1380952380952,0.333629283199217
"1810",93.5,37.1380952380952,0.341895790266101
"1811",93.5,38.1380952380952,0.354267984854218
"1812",93.5,39.1380952380952,0.363268470431398
"1813",93.5,40.1380952380952,0.375450939421132
"1814",93.5,41.1380952380952,0.385155740829718
"1815",93.5,42.1380952380952,0.394717675785742
"1816",93.5,43.1380952380952,0.406114444951461
"1817",93.5,44.1380952380952,0.41565060839091
"1818",93.5,45.1380952380952,0.426118261316107
"1819",93.5,46.1380952380952,0.436581922082386
"1820",93.5,47.1380952380952,0.446867385712501
"1821",93.5,48.1380952380952,0.458254940289418
"1822",93.5,49.1380952380952,0.468781864643797
"1823",93.5,50.1380952380952,0.480091216902348
"1824",93.5,51.1380952380952,0.490378851649755
"1825",93.5,52.1380952380952,0.500031852581219
"1826",93.5,53.1380952380952,0.510575886787541
"1827",93.5,54.1380952380952,0.52227993889723
"1828",93.5,55.1380952380952,0.531901154403327
"1829",93.5,56.1380952380952,0.542397311630322
"1830",93.5,57.1380952380952,0.551876227312726
"1831",93.5,58.1380952380952,0.563233953608951
"1832",93.5,59.1380952380952,0.573824019255323
"1833",93.5,60.1380952380952,0.584406607989755
"1834",93.5,61.1380952380952,0.594252316413189
"1835",93.5,62.1380952380952,0.605284475242562
"1836",93.5,63.1380952380952,0.615976609325537
"1837",93.5,64.1380952380952,0.626788822291158
"1838",93.5,65.1380952380952,0.636988806378726
"1839",93.5,66.1380952380952,0.647294584847868
"1840",93.5,67.1380952380952,0.657770108891007
"1841",93.5,68.1380952380952,0.669044935393446
"1842",93.5,69.1380952380952,0.679219149449067
"1843",93.5,70.1380952380952,0.688778186241641
"1844",93.5,71.1380952380952,0.699553310282807
"1845",93.5,72.1380952380952,0.709341077786273
"1846",93.5,73.1380952380952,0.720945257570452
"1847",93.5,74.1380952380952,0.731711137476533
"1848",93.5,75.1380952380952,0.742065616071133
"1849",94.5,34.1380952380952,0.315533563497355
"1850",94.5,35.1380952380952,0.328244067767665
"1851",94.5,36.1380952380952,0.339809325800427
"1852",94.5,37.1380952380952,0.350216034607647
"1853",94.5,38.1380952380952,0.359818206489437
"1854",94.5,39.1380952380952,0.372367726462352
"1855",94.5,40.1380952380952,0.379539608618231
"1856",94.5,41.1380952380952,0.39017931516935
"1857",94.5,42.1380952380952,0.401494597091599
"1858",94.5,43.1380952380952,0.412257380850168
"1859",94.5,44.1380952380952,0.421867564195484
"1860",94.5,45.1380952380952,0.433282477488618
"1861",94.5,46.1380952380952,0.442976092515826
"1862",94.5,47.1380952380952,0.453961468039939
"1863",94.5,48.1380952380952,0.464039456194358
"1864",94.5,49.1380952380952,0.47359199291039
"1865",94.5,50.1380952380952,0.485424989663828
"1866",94.5,51.1380952380952,0.496522312116802
"1867",94.5,52.1380952380952,0.507006824266265
"1868",94.5,53.1380952380952,0.517366761987185
"1869",94.5,54.1380952380952,0.527363313225657
"1870",94.5,55.1380952380952,0.537122711081889
"1871",94.5,56.1380952380952,0.547324557234792
"1872",94.5,57.1380952380952,0.559510387332254
"1873",94.5,58.1380952380952,0.56963775524058
"1874",94.5,59.1380952380952,0.579943684887685
"1875",94.5,60.1380952380952,0.590453124612187
"1876",94.5,61.1380952380952,0.600503813528893
"1877",94.5,62.1380952380952,0.612201611910272
"1878",94.5,63.1380952380952,0.62195579000059
"1879",94.5,64.1380952380952,0.632890115677368
"1880",94.5,65.1380952380952,0.64225150474193
"1881",94.5,66.1380952380952,0.652866816457506
"1882",94.5,67.1380952380952,0.663570995229385
"1883",94.5,68.1380952380952,0.674167936688285
"1884",94.5,69.1380952380952,0.685581204508868
"1885",94.5,70.1380952380952,0.696035676201114
"1886",94.5,71.1380952380952,0.705870199024425
"1887",94.5,72.1380952380952,0.71631812990062
"1888",94.5,73.1380952380952,0.726244126244838
"1889",94.5,74.1380952380952,0.737507171541709
"1890",94.5,75.1380952380952,0.747446247538141
