fips,white
2013,13.2
2016,23.8
2020,57.9
2050,9.7
2060,50.8
2068,84.2
2070,15.4
2090,69.9
2100,77.5
2105,43.8
2110,64.6
2122,79.9
2130,63.9
2150,49
2164,20.9
2170,79.2
2180,14.6
2185,30.9
2188,10.7
2195,65.4
2198,45.2
2220,61.5
2230,82.1
2240,73.6
2261,69.3
2158,3.5
2275,61.8
2282,43.2
2290,21.5
6001,31.4
6005,78.1
6007,71.9
6009,80.9
6011,35.3
6013,43.8
6015,61.9
6017,77.8
6021,51.4
6023,74.3
6031,32.2
6033,70.5
6035,65.4
6041,71.1
6043,79.9
6045,65.1
6047,27.6
6049,77.6
6053,29.9
6055,52.4
6057,85.1
6061,72.6
6063,83.1
6067,44.7
6069,34.2
6075,40.5
6077,31.8
6079,68.8
6081,39.2
6083,44.5
6085,31.5
6087,57.2
6089,79.8
6091,87.5
6093,76.1
6095,38
6097,63.2
6099,41.8
6101,46.2
6103,68.3
6105,82.1
6109,80.1
6113,46.6
6115,55.1
15001,30.3
15003,18.3
15005,22.7
15007,29.5
15009,30.2
41003,80.2
41005,81.9
41007,85.5
41009,88.5
41011,85.2
41013,88.2
41015,86.2
41017,87.2
41019,87.8
41021,87.9
41027,63.7
41029,80.8
41031,60.4
41033,86.9
41035,77.8
41037,84.4
41039,81.8
41041,82.4
41043,84.9
41047,65.4
41051,69.6
41053,78
41055,89.3
41057,84.3
41065,74.5
41067,65.7
41069,87.2
41071,77.2
53007,67.9
53009,82.7
53011,78.4
53015,83.6
53027,79.4
53029,79.1
53031,88.3
53033,59.6
53035,76.6
53037,84
53039,82.1
53041,83.3
53045,80.5
53047,64.8
53049,81.8
53053,66.7
53055,88.4
53057,74.3
53059,87.6
53061,69.5
53067,74.9
53069,86.7
53073,78.9
53077,43.1
4001,18.2
4003,54.9
4005,54
4007,62.2
4009,50.8
4011,46.6
4012,57.3
4013,55.2
4015,77.2
4017,41.2
4019,51.7
4021,56.7
4023,14.8
4025,80.4
4027,30.9
6003,53
6019,29.4
6025,10.6
6027,62.1
6029,34.1
6037,262
6039,34.1
6051,65
6059,40.5
6065,35.3
6071,28.5
6073,45.5
6107,28.5
6111,45.4
8007,76.3
8029,81.3
8033,89.7
8045,68.1
8051,86.9
8053,89.9
8067,78.5
8077,81.3
8079,86.4
8081,80.3
8083,72.4
8085,76
8091,95.7
8097,85.3
8103,84.6
8107,89.7
8111,88.7
8113,85.8
16001,84.6
16005,83.6
16007,92.9
16011,73.7
16013,74.6
16015,90.9
16019,83
16023,94.7
16025,98
16027,70.3
16029,91.7
16031,69.8
16033,46.1
16037,89.2
16039,72.6
16041,91
16043,84.8
16045,87.7
16047,67.8
16051,86.7
16053,61.4
16063,66.1
16065,88.2
16067,62
16071,93.4
16073,68.4
16075,78.4
16077,61.3
16081,81.1
16083,79
16087,78.9
32001,73.2
32003,42.7
32005,80.7
32007,66.7
32009,79.8
32011,89.8
32013,65.3
32015,64
32017,86.9
32019,74.8
32021,60.3
32023,76.2
32027,65.1
32029,84.6
32031,63
32033,71.5
32510,66.9
35003,80.9
35006,19.3
35013,27.2
35017,45.8
35023,39
35029,29.5
35031,8.6
35043,43.4
35045,38.1
35051,64.6
35053,34.1
35061,32.5
41023,91.4
41025,87
41045,61.1
49001,84.3
49003,86.9
49005,83.6
49007,85.5
49009,97.3
49011,83.8
49013,85.1
49015,91
49017,88.7
49019,82.3
49021,85.8
49023,91.5
49025,91.2
49027,83
49029,94.9
49031,96.7
49033,89.2
49035,71
49037,43.8
49039,85.9
49041,91.7
49043,84.3
49045,83.1
49047,81.6
49049,82.3
49051,83.5
49053,84.3
49055,90.7
49057,76
56003,87.7
56007,77.2
56013,69.7
56017,92.5
56023,92.1
56025,86.6
56029,91
56035,89.2
56037,79.5
56039,81.3
56041,87.5
56043,81.8
22031,58.7
48001,58.9
48005,60.5
48007,67.3
48013,33.2
48015,62.2
48019,77.8
48021,52.3
48025,31.3
48027,45.7
48029,27.6
48031,76.9
48035,77.8
48039,47.2
48041,55.7
48043,50.2
48047,6.6
48049,71.6
48051,64.7
48053,73.5
48055,39.6
48057,42.2
48061,8.9
48071,66.9
48073,60.6
48081,76.2
48083,76.8
48089,55.9
48091,67.5
48093,69.4
48095,52.8
48099,58.6
48103,31.1
48105,37.4
48109,25.3
48123,54.7
48127,10.9
48131,9.3
48135,32.2
48137,43.2
48141,11.9
48145,51.2
48149,71.2
48157,33
48161,66.6
48163,16.2
48167,57.3
48171,74.7
48173,56.2
48175,58.2
48177,41.6
48185,58.5
48187,50.3
48193,84
48199,86.4
48201,29.5
48209,53.7
48215,6.1
48217,70.5
48225,61.8
48229,17.3
48235,69.8
48239,58.4
48241,74.5
48243,58.3
48245,40.5
48247,8
48249,17.9
48255,35.8
48259,72.3
48261,5.2
48265,68.7
48267,75.6
48271,40.5
48273,20.1
48281,72.5
48283,13.2
48285,73.5
48287,63.3
48289,76.1
48291,63.2
48293,58.6
48297,56
48299,86.4
48301,84.6
48307,60.5
48309,55.9
48311,49
48313,55
48319,74.1
48321,43.6
48323,2.4
48325,43.5
48327,54.8
48329,45.4
48331,62.3
48333,78.2
48339,66
48347,59.5
48349,56
48351,73.4
48355,29.4
48361,80.6
48371,25.1
48373,70.8
48377,12.9
48383,29.7
48385,73
48389,22.2
48391,41.6
48395,57.1
48399,61.4
48403,85.5
48405,69
48407,74.6
48409,38.3
48411,64.2
48413,46.1
48419,61.5
48427,0.6
48431,46.9
48435,34.1
48443,39.3
48451,53.2
48453,48.9
48455,78.3
48457,79
48461,39.1
48463,26.1
48465,15.2
48469,44.6
48471,56.3
48473,42.8
48475,39.9
48477,64
48479,3.5
48481,44.4
48489,11.2
48491,59.3
48493,57
48495,35.1
48505,4.6
48507,5
5007,73.3
5033,84.2
5047,92
5057,54.6
5061,64.1
5081,72.8
5083,90.4
5087,89.3
5091,68.4
5113,87.6
5127,84.3
5131,69.5
5133,57.2
5143,70.8
8001,50
8003,47.6
8005,60.2
8009,84.8
8011,63.3
8013,77.5
8014,76.7
8015,84.9
8017,77.7
8019,88.6
8021,44.5
8023,33.3
8025,61.5
8027,85.1
8031,54.1
8035,82.2
8037,67.2
8039,88.5
8041,69.1
8043,79
8047,85.2
8049,87.2
8055,61.1
8057,82.1
8059,78.1
8061,91.6
8063,76.9
8065,63.8
8069,82.5
8071,52.8
8073,67.1
8075,76.2
8087,58.1
8089,53.1
8093,88.9
8095,74
8099,58.8
8101,52
8105,52
8109,58.5
8115,84.4
8117,82.1
8119,88.7
8121,86.9
8123,65.6
8125,74.7
19001,95.9
19003,98
19009,96.5
19015,94.3
19021,59.5
19025,94.2
19027,96.9
19029,95.2
19035,93.3
19039,82.6
19041,93.2
19047,65.8
19049,85.4
19053,92.6
19059,95.6
19063,87
19071,94.7
19073,94.6
19077,95
19079,89.1
19081,93.1
19085,96.2
19091,93.4
19093,95.3
19109,94.7
19119,95.4
19121,95.3
19129,94
19133,94.6
19137,93.7
19141,92.4
19143,89
19145,91
19147,93.3
19149,91.7
19151,92.8
19155,87.7
19159,95.3
19161,94.8
19165,94.5
19167,86.9
19173,90.3
19175,94
19187,87.1
19189,91.4
19193,72.9
19197,85.4
20001,90
20003,94.8
20005,88.1
20007,89.4
20009,81.5
20011,90
20013,83
20015,88.8
20017,91.2
20019,86
20021,88
20023,93
20025,89.7
20027,93.9
20029,93
20031,93.2
20033,96
20035,79.6
20037,86.5
20039,95.2
20041,90.8
20043,90.2
20045,78.3
20047,76.1
20049,90
20051,89.4
20053,85.7
20055,41.3
20057,39.7
20059,90.9
20061,56.6
20063,92.9
20065,88.5
20067,51.6
20069,81.8
20071,74.5
20073,91.8
20075,64.4
20077,90.1
20079,82.7
20081,66.7
20083,88.1
20085,83.8
20087,93.5
20089,95.1
20091,79.9
20093,66.8
20095,93.1
20097,88.6
20099,85.4
20101,91
20103,78.9
20105,94.7
20107,93.5
20109,90
20111,71.1
20113,91.5
20115,92.5
20117,94.6
20119,75.4
20121,92.6
20123,94.9
20125,79.4
20127,91.5
20129,71.2
20131,95.1
20133,89.7
20135,87.3
20137,89
20139,93.2
20141,94.4
20143,94
20145,84.1
20147,93.6
20149,89.8
20151,88.3
20153,89.8
20155,84
20157,95.4
20159,83.1
20161,76.5
20163,94.1
20165,92.4
20167,92.3
20169,80.1
20171,81.4
20173,68
20175,30
20177,73.9
20179,92.9
20181,83.6
20183,94.6
20185,83.3
20187,57.6
20189,60.5
20191,89.5
20193,90
20195,95
20197,92.1
20199,91.5
20201,95.7
20203,61.7
20205,92
20207,92.6
20209,40.8
22017,44.8
27013,87.9
27015,93.3
27033,86
27043,90.7
27063,92.3
27079,91
27081,96
27083,83.7
27091,92.9
27101,93
27103,88.6
27105,59.4
27117,87.9
27127,87
27133,93.5
27143,88.3
27165,71.7
29003,94.4
29005,96.5
29009,85.6
29011,92.4
29013,94.1
29021,83.2
29025,94.4
29037,87.9
29039,94.5
29047,81.1
29049,93.7
29057,93.7
29061,95.9
29063,83.8
29075,95.9
29081,95.1
29083,93.5
29087,95.8
29095,62.1
29097,84.1
29101,85.7
29107,91.9
29109,89.1
29119,77.2
29145,86.1
29147,92.5
29165,81
29177,93.6
29185,94.4
29217,93.9
29227,96.3
31001,85.8
31003,95.1
31005,95.7
31007,90.3
31009,100
31011,96.3
31013,81.4
31015,94.9
31017,95.5
31019,87
31021,92.9
31023,94.4
31025,93.5
31027,96.4
31029,87
31031,87.9
31033,89.5
31035,89.2
31037,48.9
31039,88.1
31041,94.5
31043,47.9
31045,85.1
31047,58.7
31049,87.8
31051,84.2
31053,83.6
31055,69.4
31057,87.6
31059,93.6
31061,95.6
31063,96
31065,93.3
31067,94.4
31069,94.2
31071,97
31073,92.5
31075,95.7
31077,96.1
31079,66.6
31081,94.6
31083,95.4
31085,91.7
31087,99.1
31089,93.2
31091,91.9
31093,95.4
31095,93.4
31097,80.3
31099,92
31101,89.6
31103,98.5
31105,86.2
31107,85.6
31109,81.2
31111,87.7
31113,94.3
31115,97.8
31117,98.4
31119,79.7
31121,92.4
31123,81.7
31125,96.4
31127,93.8
31129,94.6
31131,88.7
31133,95.4
31135,95.1
31137,92.1
31139,96.1
31141,78.3
31143,92.8
31145,91.6
31147,92.1
31149,96.5
31151,69
31153,80.9
31155,95.2
31157,72
31159,94.6
31161,81.1
31163,96.3
31165,92.6
31167,91.8
31169,94.8
31171,95
31173,35.7
31175,94.7
31177,94.4
31179,89.9
31181,91.5
31183,96.9
31185,90.5
35001,38.6
35005,38.8
35007,46.7
35009,47.6
35011,44.4
35015,46.7
35019,19.3
35021,58.9
35025,35.4
35027,64.9
35028,71.8
35033,15.7
35035,48.8
35037,49.6
35039,12.4
35041,51.8
35047,17.8
35049,42.7
35055,35.2
35057,54.6
35059,51.2
40001,39.8
40003,83.8
40005,70.9
40007,72.1
40009,75.2
40011,72.6
40013,71
40015,56.7
40017,76.1
40019,70
40021,47.5
40023,60.6
40025,76.6
40027,71.7
40029,68.3
40031,56.1
40033,75.9
40035,63.3
40037,75.9
40039,68.2
40041,63.7
40043,81.9
40045,86.4
40047,74.3
40049,75.5
40051,81.4
40053,88
40055,74.5
40057,56.8
40059,75.8
40061,70.4
40063,62.6
40065,62.7
40067,77.7
40069,69.5
40071,74.5
40073,76.3
40075,74.2
40077,64.7
40079,71.3
40081,82.1
40083,77.6
40085,70.9
40087,79.1
40089,62
40091,67.8
40093,84.7
40095,65.1
40097,64.8
40099,72
40101,55.9
40103,81
40105,66.7
40107,61.2
40109,55.9
40111,62.2
40113,63.3
40115,65
40117,76.6
40119,76.9
40121,69.4
40123,65.3
40125,72.3
40127,70.9
40129,83.6
40131,71.7
40133,64.4
40135,62.4
40137,80.1
40139,43.9
40141,59.1
40143,61.9
40145,71.4
40147,72.7
40149,83.3
40151,82.9
40153,79.8
46003,88.2
46005,76.9
46007,33.2
46009,86.8
46011,90.2
46015,84
46017,13.6
46023,62.5
46027,87.2
46033,89.8
46035,90.5
46043,94.3
46047,84.6
46053,87.7
46055,89.1
46059,96.4
46061,99.5
46065,82.2
46067,94.6
46069,87.9
46071,38.9
46073,94.4
46075,92.9
46077,96.8
46079,93.2
46081,90.8
46083,92.9
46085,55.5
46087,93.3
46093,87.5
46095,38.5
46097,95
46099,82.5
46101,76.8
46103,79.9
46111,94
46102,4.4
46117,88
46121,7.9
46123,80.8
46125,95.2
46127,92.1
46135,88.4
48003,40.1
48009,88.3
48011,89.3
48017,35.4
48023,86.6
48033,83.8
48037,63.7
48045,57.9
48059,85.9
48063,55.7
48065,85.7
48067,76.3
48069,31.9
48075,58.4
48077,89.7
48079,36
48085,56.9
48087,60
48097,75.3
48101,51.7
48107,39.3
48111,49.6
48113,29.1
48115,33.2
48117,24.6
48119,80.7
48121,59.2
48125,66.9
48129,80.8
48133,79.3
48139,60.8
48143,74.5
48147,78.7
48151,61.7
48153,36.8
48155,72
48159,78.6
48165,55.5
48169,39.6
48179,63.3
48181,75.4
48183,57.5
48189,33.8
48191,55.6
48195,51.6
48197,71.6
48203,63.5
48205,59.9
48207,64.6
48211,63
48213,78.1
48219,46.9
48221,84.2
48223,73.2
48227,48.6
48231,71.6
48233,70.3
48237,77.1
48251,71.9
48253,54.1
48257,63.6
48263,83.7
48269,67
48275,58.2
48277,74.4
48279,39.3
48295,62.5
48303,53.4
48305,49.2
48315,70.8
48317,53.9
48335,47.8
48337,85.7
48341,32.4
48343,64.3
48345,74.4
48353,55.5
48357,43.1
48359,77.1
48363,75
48365,73.1
48367,83.4
48369,34.1
48375,44
48379,85.3
48381,71.6
48387,73.3
48393,83.8
48397,70.8
48401,63.7
48415,52.7
48417,85.4
48421,53.4
48423,59.7
48425,79.1
48429,71
48433,75.8
48437,46.1
48439,46.7
48441,63.4
48445,39.4
48447,84.8
48449,45.1
48459,80.3
48467,83.7
48483,68.4
48485,65.2
48487,58.1
48497,76.7
48499,82.4
48501,31.7
48503,77.9
56001,82.4
56005,87.2
56009,88.6
56011,94.2
56015,85.8
56019,91.4
56021,78.8
56027,90.6
56031,88.4
56045,96.3
16003,92.1
16009,84.6
16017,93
16021,90.3
16035,90.2
16049,90.9
16055,90.6
16057,88.6
16059,93.2
16061,83.8
16069,86.9
16079,91.2
16085,94.5
27005,86.2
27007,71.8
27009,89.8
27011,96
27019,88.8
27021,82.9
27023,87.1
27027,87.1
27029,84.6
27035,94.8
27041,95.9
27051,95.1
27057,92.8
27061,91.7
27067,80
27069,95.3
27071,93.2
27073,94.9
27077,92.9
27085,90.9
27087,45.3
27089,93.2
27093,93.9
27097,95.6
27107,89.4
27111,92.5
27113,90.6
27119,86.9
27121,95.9
27125,92
27129,87.8
27135,91.9
27141,91.1
27145,86
27149,87.2
27151,91.1
27153,91.1
27155,88.7
27159,94.1
27167,98.1
27171,92.3
27173,89.4
30001,90.3
30003,26.7
30005,44.5
30007,94.3
30009,94.2
30011,96.8
30013,85.2
30015,76.9
30017,91.7
30019,93
30021,92.2
30023,90.1
30025,94.3
30027,94
30029,92.7
30031,91.6
30033,99.2
30035,29.9
30037,89.5
30039,94.2
30041,69.1
30043,92.6
30045,92.6
30047,65
30049,91.3
30051,98.2
30053,92.6
30055,88.7
30057,92.4
30059,92.6
30061,91.4
30063,89.2
30065,91.1
30067,93.3
30069,94.4
30071,83.8
30073,81.1
30075,93
30077,89.3
30079,97.7
30081,92.9
30083,88.8
30085,34.3
30087,54.8
30089,90.1
30091,91
30093,90.4
30095,92.7
30097,94.1
30099,93.6
30101,87
30103,94.3
30105,84.5
30107,93.3
30109,93.2
30111,86.3
38001,92.2
38003,92.5
38005,40.4
38007,97
38009,91.3
38011,92.6
38013,95.7
38015,88.9
38017,85.4
38019,94.8
38021,93.2
38023,89.1
38025,83.4
38027,89.8
38029,95.4
38031,95.2
38033,90.1
38035,83.7
38037,95.6
38039,95.3
38041,90.9
38043,94.1
38045,96
38047,97
38049,95.2
38051,94.9
38053,77.4
38055,89.1
38057,91.4
38059,89.7
38061,60.6
38063,95.3
38065,90.2
38067,90.8
38069,93.4
38071,83
38073,94.2
38075,90.6
38077,91.2
38079,18.1
38081,91.9
38083,98.8
38085,12.6
38087,96.3
38089,87.3
38091,97.5
38093,92.1
38095,88.5
38097,92
38099,84.3
38101,82.7
38103,96.2
38105,79.5
41001,90.3
41049,59.2
41059,65.7
41061,88.7
41063,92.9
46013,87.1
46019,91.1
46021,98.1
46025,93.5
46029,92.7
46031,28.8
46037,85.9
46039,96.1
46041,19.8
46045,96
46049,96
46051,92.5
46057,93.5
46063,92.1
46089,95
46091,82.9
46105,94.2
46107,91.5
46109,56.4
46115,93.7
46119,96
46129,79
46137,23.5
53001,33.8
53003,90.3
53005,70.4
53013,85.3
53017,64.1
53019,73.2
53021,40.3
53023,89.4
53025,53.9
53043,91.3
53051,88.4
53063,84.5
53065,86.6
53071,71.6
53075,78.5
56033,91.6
1003,83
1005,45.8
1011,21.3
1013,51.6
1023,56.3
1025,52.7
1031,70.1
1035,50
1039,83.2
1041,70.9
1045,68.5
1053,60.2
1061,83.8
1067,69.1
1069,66.4
1097,56.8
1099,54.2
1109,56
1129,64.9
1131,26.8
12001,61
12003,81
12005,76.1
12007,73.5
12009,74.4
12013,77.1
12015,83.9
12017,88
12019,72.7
12021,62.8
12023,72.2
12027,54.7
12029,84
12031,52.8
12033,64.3
12035,74.6
12037,77.1
12039,32.3
12041,86.2
12043,59.7
12045,76.3
12047,54.7
12049,47
12051,32
12053,77.5
12055,67
12057,48.7
12059,86.6
12061,75.2
12063,65.3
12065,59.6
12067,66.2
12069,69.7
12071,67.1
12073,56.5
12075,79.7
12077,76.2
12079,54.4
12081,71.1
12083,70.3
12087,66.2
12089,87
12091,73.6
12093,63.2
12095,40
12097,31.6
12101,74.5
12103,73.9
12105,58.8
12107,71.4
12109,82.6
12113,82.3
12115,83
12117,60.3
12119,84.9
12121,75.5
12123,72
12125,69.5
12127,71.6
12129,79.6
12131,84.2
12133,77.4
13001,69.1
13003,56.5
13005,73.5
13007,50.6
13017,55.8
13019,81.8
13025,92.1
13027,56.4
13029,73
13037,32.6
13039,69.7
13049,61.1
13051,48.4
13061,35.4
13065,65.1
13069,58.1
13071,55.8
13075,64.7
13081,49.8
13087,50.2
13095,25.2
13099,45.2
13101,66.3
13127,63.5
13131,57.9
13155,66.7
13161,70.8
13173,68.6
13177,71.6
13179,38.8
13183,57.8
13185,53.7
13191,62
13201,67.9
13205,45.8
13229,84
13239,37
13243,34.6
13253,61.5
13259,23.3
13261,39.3
13267,57.6
13271,48.9
13273,35.6
13275,57.6
13277,55.8
13287,53.7
13299,63.3
13305,71.1
13307,51.8
13309,56.1
13315,58.5
13321,67.3
22001,77.3
22003,70.9
22005,68.4
22007,65.5
22009,65
22011,80.2
22019,67.4
22021,79.1
22023,88.2
22025,66.1
22029,56.9
22033,44.6
22037,53.3
22039,66.3
22043,76.5
22045,58.7
22047,47.6
22051,52.6
22053,78.1
22055,65.6
22057,76.8
22059,82.7
22063,87.6
22069,52
22071,30.6
22075,63.9
22077,60.3
22079,61.2
22081,56.6
22085,67.5
22087,62.3
22089,65.1
22091,44.1
22093,48.1
22095,34.3
22097,54.3
22099,64.3
22101,56
22103,78.5
22105,63.2
22107,42.2
22109,66.6
22113,78.3
22115,70
22117,65.5
22121,55.8
22125,52.3
22127,64.9
28001,36.2
28005,57.3
28021,11.2
28023,63.2
28029,43.8
28031,60.4
28035,56.9
28037,63.1
28039,87.1
28041,72.2
28045,84.6
28047,63.8
28059,67.6
28061,44.7
28063,12.9
28065,37.7
28067,64.5
28073,74.1
28077,64.8
28085,67.1
28091,64.8
28109,81.8
28111,77.5
28113,43.3
28127,61.5
28129,74
28131,76.4
28147,52.6
28153,57.4
28157,27.8
1007,74.5
1033,78.1
1057,84.4
1059,76.8
1063,17.2
1065,39.5
1075,85.9
1077,84.7
1079,76.4
1091,44.8
1093,91.8
1105,29.3
1107,53.6
1119,24.8
1125,61.5
1127,88.9
1133,93.6
5001,69.7
5003,68.2
5005,94.7
5009,93.8
5011,55.4
5013,72.4
5015,79.6
5017,38.7
5019,68.6
5021,95.3
5023,94.6
5025,84.5
5027,59.2
5029,81.5
5031,76
5035,41.9
5037,72.6
5039,53.1
5041,45.2
5043,66.2
5045,80
5049,94.9
5051,82
5053,92.5
5055,92.9
5059,82.5
5063,88.7
5065,92.9
5067,76.8
5069,38.8
5071,79.1
5073,58.5
5075,95.2
5077,41
5079,64.1
5085,86
5089,94.1
5093,58.2
5095,54.1
5097,90.9
5099,62.8
5101,93.8
5103,55.1
5105,95.4
5107,34.5
5109,87.3
5111,86.8
5115,84
5117,84.6
5119,52.2
5121,93.9
5123,39.9
5125,84.5
5129,93.1
5135,93.4
5137,94.6
5139,60.5
5141,93.4
5145,88
5147,69.3
5149,75.2
17003,62.7
17055,95.8
17059,95.6
17065,98.7
17069,94.6
17077,74
17081,85.5
17087,84.9
17127,88.2
17133,96.2
17145,85.7
17151,90.9
17153,63.6
17157,84.8
17165,91.5
17181,91
17189,95.9
17193,96.2
17199,89.6
18051,93.5
18129,95.9
18163,83.6
18173,92.3
21007,92.4
21033,90.8
21035,89.6
21039,93.6
21047,65.5
21055,96
21075,70.8
21083,86.5
21101,86.5
21105,86.4
21107,88.4
21139,95.3
21143,90.1
21145,83.2
21149,96
21157,96.3
21219,85.7
21221,88.1
21225,82.4
21233,88.3
22013,54.3
22015,66.7
22027,45.1
22035,28.9
22041,65.1
22049,67.2
22061,53.2
22065,33.8
22067,49.3
22073,57.8
22083,60.5
22111,68.9
22119,61.9
22123,78.7
28003,82.8
28007,53.6
28009,60.4
28011,32.4
28013,64.4
28015,64.3
28017,49.5
28019,67.3
28025,38.8
28027,20.7
28033,64.2
28043,54.6
28049,24.4
28051,15.4
28053,20.6
28055,37
28057,90
28069,33.9
28071,70
28075,52.5
28079,47
28081,65.4
28083,22.1
28087,51.7
28089,55.3
28093,47.7
28095,67
28097,52.1
28099,58.2
28101,60.2
28103,25.8
28105,56.4
28107,46.9
28115,76.4
28117,82.4
28119,26
28121,73.9
28123,49.3
28125,25
28133,23.7
28135,34.9
28137,64.6
28139,76.9
28141,93.1
28143,18.9
28145,78.1
28149,47
28151,25.1
28155,78.2
28159,49.9
28161,58
28163,34.6
29015,94.8
29017,95.9
29023,88.5
29029,94.2
29031,85.9
29035,96.1
29043,93.3
29055,95.1
29059,94.5
29065,94.3
29067,98
29069,80.3
29077,87.5
29085,94.7
29091,94.2
29093,94.3
29099,94.4
29105,93.1
29123,94.6
29125,95.4
29131,94.8
29133,71.4
29143,79.8
29149,94
29153,95.2
29155,68.5
29157,95.1
29161,88.7
29167,93.7
29169,69.3
29179,93.7
29181,95
29186,95.6
29187,91.7
29201,83.2
29203,93.8
29207,95.3
29209,94.8
29213,88.7
29215,91
29221,94.2
29223,94.8
29225,94
29229,95
47005,92.7
47017,84.5
47023,85.4
47033,73.9
47039,91.4
47043,89.4
47045,80
47047,68
47053,76.6
47069,54.2
47071,91.7
47075,43.9
47077,87.4
47079,87.3
47081,90.3
47083,92
47085,92.4
47095,66.6
47097,60.6
47099,93.2
47101,93.3
47109,89.8
47113,55.7
47125,63.3
47131,82.8
47135,91.8
47157,35.7
47161,91.7
47167,75.6
47181,89.7
47183,86.7
17001,91.6
17005,87.7
17007,73
17009,73.8
17011,87.6
17013,96.9
17015,93
17017,75.4
17019,67.1
17021,95
17023,96.5
17025,96
17027,91.4
17029,90.9
17031,42.2
17033,87.6
17035,96.6
17037,76.8
17039,94.6
17041,90.2
17043,66.9
17045,98.1
17047,96.4
17049,95.8
17051,92.1
17053,93.4
17057,91.7
17061,96.2
17063,86.2
17067,96.1
17071,95.9
17073,90.4
17075,89.8
17079,96.9
17083,95.6
17085,94.6
17089,57
17091,71.9
17093,69.4
17095,82.8
17097,61.6
17099,85.4
17101,84.5
17103,86.1
17105,89.1
17107,86.3
17109,87.8
17111,81
17113,79.4
17115,76.2
17117,96
17119,85
17121,91.1
17123,94.5
17125,96.4
17129,95.5
17131,95.2
17135,93.2
17137,88.1
17139,96.6
17141,86.7
17143,69.8
17147,96.2
17149,95.8
17155,91.9
17159,95.1
17161,71.7
17163,61.6
17167,80.3
17169,88.6
17171,96.7
17173,97.2
17175,95.4
17177,82.4
17179,93.9
17183,78.2
17185,93.8
17187,83.2
17191,96.1
17195,84.5
17197,63.6
17201,69
17203,95.4
18007,92.4
18045,95.3
18083,92.7
18089,54.1
18111,92.9
18121,94.4
18125,96.3
18153,91.9
18165,96.4
18167,85.4
18171,95.9
19005,90.4
19007,95.1
19011,96
19013,81
19017,95
19019,96.1
19023,96.5
19031,95.5
19033,90.5
19037,95.7
19043,95.9
19045,91.1
19051,96.8
19055,96.5
19057,87.3
19061,90.7
19065,93.6
19067,91.5
19069,86.7
19075,96.9
19083,91.8
19087,88
19089,96.5
19095,94.9
19097,95.4
19099,93.4
19101,80.5
19103,78.3
19105,93.8
19107,96.3
19111,90.8
19113,85.8
19115,78.1
19117,97.4
19123,93.1
19125,94.5
19127,70.9
19131,96.4
19135,96.2
19139,76.7
19153,77.7
19157,91.6
19163,79.9
19169,83.8
19171,80.7
19177,96.3
19179,82.2
19181,94.1
19183,91
19185,96
19191,95
19195,94.2
27039,92.1
27045,96.2
27047,85
27049,92
27055,95.9
27099,78.5
27109,80
27131,82.2
27147,86.5
27157,94.6
27161,89.2
27169,91.1
29001,89.8
29007,86.6
29019,78.8
29027,90.1
29033,94.7
29041,94.9
29045,96.9
29051,81.5
29053,87.7
29071,95
29073,95.9
29079,94
29089,90.5
29103,96.1
29111,92.6
29113,93
29115,94.8
29117,92.3
29121,93.5
29127,90
29129,95.7
29135,91.6
29137,92.9
29139,94
29141,94.1
29151,98.5
29159,84.9
29163,88
29171,95.9
29173,95.4
29175,88.4
29183,87.1
29189,66
29195,80.2
29197,96.9
29199,99.2
29205,95.2
29211,76.7
29219,91.6
29510,43.6
55001,90.4
55009,80.8
55011,95.7
55015,90.9
55021,92.6
55023,94.3
55025,79.5
55027,89.8
55039,89.6
55043,95
55045,94.3
55047,92.2
55049,95.2
55053,86
55055,89.6
55057,91.5
55059,75.8
55061,94.4
55063,89.8
55065,94
55071,90.5
55077,93.2
55079,51.2
55081,90.5
55087,87.5
55089,91.4
55091,96.3
55097,91
55101,71.9
55103,94.5
55105,82.8
55111,90.8
55117,84.2
55121,89.5
55123,96.2
55127,85.4
55131,92.8
55133,88.5
55135,94.2
55137,89.4
55139,88.6
55141,92.2
1001,74.6
1009,86.8
1015,72
1017,55.5
1019,91.7
1021,80.1
1027,80.3
1029,92.6
1037,64.7
1043,91.8
1047,27.3
1049,80.4
1051,73.1
1055,77.8
1071,89.2
1073,49.8
1081,67.4
1083,76.5
1085,24.6
1087,15.8
1089,64.6
1095,80.7
1101,33.9
1103,75.6
1111,75.2
1113,46
1115,85.8
1117,77.8
1121,62.6
1123,68.8
13015,77.4
13035,66
13045,70.2
13047,90.9
13053,57.5
13055,82.7
13057,78.7
13063,10
13067,51.9
13077,71
13079,73.2
13083,93.3
13085,92.1
13089,29.1
13097,40.5
13111,94.8
13113,62.1
13115,70.7
13117,71.7
13121,39.6
13123,85.8
13129,77.5
13135,37.2
13143,90.8
13145,76.8
13149,84.7
13151,43.4
13171,65.1
13187,90.5
13193,32.3
13197,59.2
13199,56.3
13207,72.4
13213,82.5
13215,40.3
13223,70.9
13227,86.6
13231,86.9
13233,72
13247,31.7
13249,67.9
13255,58.5
13263,40.6
13269,57.3
13285,56.2
13291,93.8
13293,67.2
13295,90.8
13313,58.4
18025,96
18037,90.2
18043,87.8
18061,95.3
18123,94.1
18147,94.8
21001,93.2
21003,95
21005,93.7
21009,90.3
21017,85.1
21021,85.4
21027,94.3
21029,94.4
21031,94.7
21045,94.6
21049,90.1
21053,95
21057,92.4
21059,88
21061,95
21065,99
21067,71
21073,81.5
21079,94.1
21085,95.2
21087,94.2
21091,95.4
21093,76
21099,91.5
21109,97.8
21111,67.4
21113,88.8
21123,91.3
21125,95.7
21137,94.2
21141,88.5
21147,89.4
21151,89.4
21155,87.7
21163,89.4
21167,90.8
21169,94.9
21171,93.3
21173,92.7
21177,92
21179,90.3
21181,95.7
21183,94.2
21199,94.2
21203,97.1
21207,93.4
21209,86.9
21211,80.1
21213,85.1
21215,94
21217,89.5
21227,78.3
21229,87.6
21231,93.1
21235,95.9
21239,86.2
37039,90.9
47001,89.1
47003,76.8
47007,87.9
47009,90.9
47011,85.4
47013,96.3
47015,94.1
47021,92.5
47027,94.4
47031,88.3
47035,94.4
47037,56.2
47041,87.9
47049,96.5
47051,88.3
47055,84.1
47061,86.8
47065,71
47087,95.3
47093,82.2
47103,86.8
47105,87.6
47107,89.2
47111,91.8
47115,91.7
47117,84.8
47119,79.2
47121,94.1
47123,91
47127,92.5
47129,92
47133,96.1
47137,99.4
47139,94.7
47141,88.4
47143,90.5
47145,92.7
47147,83.2
47149,70.7
47151,97.1
47153,93.5
47159,92.5
47165,84.1
47169,84.1
47175,95.7
47177,85.2
47185,93.4
47187,84.5
47189,84.9
13009,52.3
13011,87.7
13013,71.3
13021,38.3
13023,68.5
13031,63.4
13033,47.2
13043,60.6
13059,55
13073,68.6
13091,64.7
13093,42.5
13103,78.2
13105,63.5
13107,59.2
13109,56.2
13119,83.4
13125,87.3
13133,57.5
13137,77.2
13139,60.8
13141,24.3
13147,74.8
13153,56.2
13157,81.3
13159,74.2
13163,42
13165,54.6
13167,62.3
13169,71.4
13175,57.2
13181,66.1
13189,53.5
13195,81.8
13209,65.3
13211,71.9
13217,46.4
13219,84.1
13221,75.6
13225,45.7
13235,57.3
13237,65.6
13241,87.7
13245,34.5
13251,54.4
13257,82.3
13265,32.7
13279,60.2
13281,94
13283,72
13289,55
13297,74.6
13301,37.4
13303,42.5
13311,92.2
13317,50.9
13319,56.7
21011,95
21013,94.2
21019,93.1
21025,96.5
21043,96.6
21051,92.5
21063,95.6
21069,95.7
21071,97
21095,95
21115,97.2
21119,96.8
21121,95.7
21127,98
21129,95.6
21131,97.5
21133,97.4
21153,98.7
21159,92.2
21165,97.1
21175,92.6
21189,93.4
21193,95.1
21195,96.8
21197,95.7
21205,94.5
21237,98.1
37003,86.7
37005,86.8
37009,92.5
37011,88.7
37021,83.5
37023,81.5
37027,87.3
37035,75.5
37043,93.4
37045,72.9
37071,72.4
37075,86.5
37087,92.6
37089,83.1
37097,75.9
37099,80.6
37109,84.8
37111,87.3
37113,89
37115,94
37119,46.8
37121,91.9
37149,85.6
37161,83.2
37171,83.8
37173,61.7
37175,90.3
37189,91.6
37193,87.2
37197,84.2
37199,92.4
45001,68.8
45003,66.1
45005,22
45007,77.3
45009,35.9
45011,50.3
45013,67.9
45017,53.9
45021,72.7
45023,58.6
45029,56.5
45037,56.6
45039,38.1
45045,68.3
45047,59.6
45049,40.8
45053,42.7
45057,70.1
45059,67.8
45063,74.8
45065,50.8
45071,59.9
45073,84.4
45075,33.2
45077,85.6
45079,42.3
45081,58.2
45083,68.3
45087,64.5
45091,70.4
47019,94.7
47025,95.1
47029,93.2
47057,93.9
47059,93
47063,81.4
47067,96.7
47073,95
47089,92.2
47091,92.2
47155,89.9
47163,93.4
47171,93.1
47173,96.2
47179,88.6
51021,93.8
51027,94.8
51035,94.5
51051,97.5
51071,94.9
51077,89.6
51105,92.8
51155,90.7
51167,96.7
51169,96.6
51173,94.1
51185,93.9
51191,95.3
51195,91.4
51197,93.7
51520,88.1
51640,79
51720,88.5
54005,97.6
54019,92.4
54039,87.7
54043,97.7
54045,95.9
54047,88.6
54055,90.2
54059,95.7
54067,96.9
54081,87
54089,91.8
54099,97.3
54109,97.1
18001,93.4
18003,73.8
18005,81.4
18009,95.5
18011,90.6
18013,95.6
18015,93.9
18017,79.7
18019,83.2
18021,96.1
18023,82.1
18027,91.5
18029,96.1
18031,95
18033,95
18035,86.7
18039,74.7
18041,95.5
18047,96.8
18049,91.7
18053,84.9
18055,96.6
18057,83.6
18059,92.3
18063,84.2
18065,93.4
18067,85
18069,94.7
18071,88.1
18073,91.5
18075,94.8
18077,92.5
18079,95
18081,88.9
18085,87.8
18087,94.1
18091,79.2
18093,95.6
18095,84.8
18097,55.2
18099,87.2
18101,97
18103,88.7
18105,83.5
18107,91.8
18109,96
18113,87
18115,96.4
18117,95
18119,96.1
18127,83.1
18131,94.1
18133,91.7
18135,92.7
18137,95.5
18139,95.6
18141,72.5
18143,95.3
18145,92.2
18149,94.2
18151,93.8
18155,95.3
18157,75.8
18159,94.8
18161,95.4
18169,94.3
18175,96.7
18177,88.1
18179,94.3
18181,89.3
18183,95.4
21015,87.7
21023,96
21037,92.2
21041,88.6
21077,91
21081,94.4
21089,96.1
21097,93.6
21103,91.4
21117,88.5
21135,97.7
21161,88.9
21185,88.3
21187,98.4
21191,96
21201,93.9
21223,93.9
26005,88.4
26011,94.6
26015,94.1
26017,90
26019,93.7
26021,74.9
26023,90.4
26025,77.5
26027,86.1
26035,94.8
26037,89.8
26045,82.8
26049,72.4
26051,95.7
26057,86
26059,94.6
26063,95.1
26065,69.6
26067,88.2
26069,93.7
26073,85.3
26075,84.6
26077,77.3
26081,73.7
26085,84.9
26087,91.7
26091,86.6
26093,94.3
26099,79
26101,88.9
26105,91.4
26107,91.2
26111,91.4
26113,93.9
26115,91.3
26117,91.7
26121,76.3
26123,90.5
26125,72
26127,81.7
26129,94.6
26133,94.5
26139,83.8
26143,94.8
26145,69.3
26147,91
26149,86.4
26151,93.9
26155,94.1
26157,93.3
26159,81.2
26161,70.1
26163,49.5
26165,94.5
39001,98
39003,80.7
39005,95.5
39007,89.4
39009,89.6
39011,95.6
39013,92.6
39015,96.4
39017,81
39019,98
39021,93.2
39023,84
39025,93.5
39027,93.3
39029,93.9
39031,95.8
39033,95.2
39035,58.9
39037,96
39039,86.3
39041,85
39043,83.1
39045,86
39047,92.4
39049,63
39051,88.9
39053,93.1
39055,95.5
39057,83.8
39059,94.1
39061,65.2
39063,89
39065,94.9
39067,94.8
39069,89.8
39071,95
39073,96.3
39075,97.8
39077,90.1
39079,95.9
39081,90.3
39083,95.3
39085,88.2
39087,94.7
39089,90
39091,93.3
39093,78.2
39095,68.6
39097,88.4
39099,75.9
39101,88.3
39103,93.8
39105,96.6
39107,95.3
39109,92.2
39111,97.1
39113,70.7
39115,92.1
39117,95.9
39119,91.4
39121,92.4
39123,92.2
39125,92.5
39127,96.6
39129,92.6
39131,95.1
39133,89.5
39135,96.3
39137,92
39139,85.4
39141,89.6
39143,84.3
39145,93.2
39147,89.7
39149,92.8
39151,86.3
39153,76.9
39155,87.1
39157,94.4
39159,89.5
39161,93.9
39163,96.5
39165,86.1
39167,95
39169,93.6
39171,92.6
39173,88.2
39175,94.9
54007,96.8
54011,89.8
54013,97.1
54015,99.2
54017,95.1
54021,81.4
54035,96.9
54051,96.6
54053,96.6
54069,92.1
54073,95.8
54079,95.4
54085,96.8
54087,96.8
54095,97.4
54103,96.9
54105,98.9
54107,95.1
12011,36.2
12085,78.2
12086,13.1
12099,54.5
12111,57.3
24037,74
24039,51.5
24047,80.1
37001,64
37007,44.5
37013,65.8
37015,34.5
37017,54.7
37019,81.9
37025,65.5
37029,80.4
37031,86.3
37033,61.1
37037,71.6
37041,59.9
37047,59.3
37049,65.8
37051,43.4
37053,87.2
37055,87.2
37057,80.1
37059,84.4
37061,51.5
37063,42.4
37065,36.2
37067,56.6
37069,63.4
37073,63.2
37077,57.9
37079,46.7
37081,50.3
37083,38.4
37085,61.3
37091,33.2
37093,39.8
37095,58.8
37101,67.8
37103,62.5
37105,58.1
37107,49.2
37117,52
37123,63.2
37125,77
37127,49.8
37129,77.1
37131,38.7
37133,66.1
37135,69.3
37137,74.2
37139,54.7
37141,75
37143,72.2
37145,66.3
37147,54.4
37151,79
37153,57
37155,25.1
37157,72.3
37159,72
37163,50.9
37165,43.1
37167,80.8
37169,91
37177,53.1
37179,72.1
37181,39.6
37183,60
37185,38.3
37187,44.3
37191,53.4
37195,46.9
45015,63.5
45019,64.5
45025,60.2
45027,47.7
45031,54.7
45033,45.5
45035,64.2
45041,51.8
45043,64.1
45051,77.2
45055,68.7
45061,32.4
45067,38.5
45069,39
45085,45.1
45089,31.2
51001,60
51003,76.9
51005,91.4
51007,73.5
51009,74.6
51011,76.7
51015,90.7
51017,89.1
51019,87.7
51023,92.8
51025,40.7
51029,61.1
51031,79.5
51033,63.2
51036,42.3
51037,67.8
51041,61.7
51045,98.6
51049,63.3
51053,61.8
51057,54.8
51063,93.2
51065,78.1
51067,87.1
51073,84.8
51075,77.7
51079,82.6
51081,36.3
51083,59.7
51085,83.8
51087,53
51089,69.8
51093,70.6
51095,75.5
51097,66.1
51099,73.4
51101,76.7
51103,67.4
51109,78
51111,59.4
51115,85.7
51117,60
51119,77.5
51121,83.2
51125,81
51127,78.9
51131,54.2
51133,69.7
51135,54.3
51137,78
51141,89.7
51143,74
51145,85.7
51147,61.4
51149,54.8
51159,60.5
51161,85.8
51163,92.1
51175,61
51177,68
51181,52.6
51183,38.3
51193,63.9
51199,70.7
51530,88.1
51540,65.7
51550,57.4
51570,72.3
51580,80.9
51590,42.3
51595,24.4
51620,36.8
51630,59.4
51650,38.1
51670,46.4
51678,79.1
51680,62.3
51690,43.9
51700,42.9
51710,43.4
51730,15
51735,91.4
51740,37.6
51750,83.2
51760,40.7
51770,58.5
51775,85.2
51790,81
51800,49.2
51810,61.7
51820,75.1
51830,67.7
54025,92.2
54063,96.2
10001,61.5
10003,57.4
10005,74.9
11001,36.5
24001,86.9
24003,68.2
24005,57.2
24009,78.1
24011,75.5
24013,89
24015,85.1
24017,40.1
24019,62.8
24021,73.4
24023,96.4
24025,76
24027,52
24029,77.7
24031,43.8
24033,12.7
24035,86.5
24041,77.8
24043,78.9
24045,62.9
24510,27.4
34001,56.3
34003,56.5
34005,67.4
34007,56.6
34009,85.2
34011,46.4
34013,30.5
34015,78.5
34019,85.5
34021,49.7
34023,43
34025,75.2
34027,71.3
34029,84.6
34031,41.3
34033,74.2
34035,56.2
34037,86.2
34039,39.5
34041,81.6
36003,94.4
36007,83.3
36009,90.5
36011,90
36013,87.4
36015,86.2
36017,94.7
36023,92.6
36025,92
36029,75.4
36033,81.6
36035,92.6
36037,90.5
36039,85.2
36041,95.9
36043,94.5
36045,81.6
36049,95.8
36051,90.7
36053,93
36055,70.5
36057,81.2
36063,85.4
36065,82
36067,76.8
36069,89.8
36071,64.2
36073,86.3
36075,94
36077,91.1
36085,61
36089,91.9
36095,93.1
36097,94.9
36099,89
36101,93.5
36105,71.5
36107,94.9
36109,77.1
36111,79
36117,89.9
36121,89.9
36123,94.7
42001,89
42003,78.5
42005,97
42007,89.4
42009,96.7
42011,71.7
42013,94.5
42015,95.6
42017,84
42019,94.6
42021,92.7
42023,95.7
42025,91.7
42027,85.4
42029,79.4
42031,95.9
42033,93
42035,95.1
42037,93.2
42039,94.7
42041,85.6
42043,65.7
42045,66.8
42047,97.3
42049,84.2
42051,91.7
42053,66.9
42055,88
42057,96
42059,93.4
42061,90.5
42063,93.9
42065,97.1
42067,94.1
42069,85.1
42071,81.9
42073,91.9
42075,82.2
42077,64.4
42079,81.5
42081,90.6
42083,93.4
42085,90.1
42087,95.8
42089,66
42091,75.7
42093,91.3
42095,76.6
42097,92.4
42099,95.3
42101,34.4
42103,80.4
42105,96.4
42107,90.9
42109,95
42111,94.2
42113,95
42115,96.2
42117,96
42119,84.2
42121,95.8
42123,96.7
42125,92.1
42127,90.4
42129,93.7
42131,95.6
42133,83.4
51013,61.4
51043,86.1
51047,70.2
51059,50.7
51061,79.9
51069,83.4
51091,99.3
51107,56.1
51113,84.6
51139,94
51153,42.9
51157,88.4
51165,88.6
51171,87.6
51179,61.5
51187,86.7
51510,51.9
51600,56.2
51610,71.7
51660,66.1
51683,40.8
51685,33
51840,66
54001,95.4
54003,83.8
54009,95.5
54023,96.5
54027,95.7
54029,93.7
54031,89.9
54033,94.1
54037,83.2
54041,96.3
54049,92.4
54057,93.9
54061,87.9
54065,95.2
54071,94.7
54075,98.1
54077,90.5
54083,95.7
54091,95.4
54093,97.2
54097,95.9
54101,99.5
9001,61.7
9003,61
9005,88.4
9007,83.9
9009,62.8
9011,75.6
9013,84.6
9015,82.7
23001,90.6
23005,90.2
23011,94.5
23013,95.1
23015,95.8
23017,95.2
23023,94.5
23027,95.1
23031,94.2
25001,89.2
25003,88.1
25005,81.2
25007,85.5
25009,70.2
25011,90.6
25013,62.7
25015,83.7
25017,71.8
25019,85.1
25021,74.9
25023,80.6
25025,44.8
25027,76.3
33001,94.9
33003,95.8
33005,94
33009,90.6
33011,84.4
33013,92.4
33015,92.5
33017,90.6
33019,95
34017,28.7
36001,72.1
36005,9.1
36021,86.3
36027,71.4
36031,91.9
36047,36.4
36059,59.9
36061,46.9
36079,78.7
36081,25
36083,83.2
36087,63.1
36091,90.3
36093,72.5
36103,67.5
36113,93.7
36115,92.3
36119,53.4
44001,91.4
44003,88.3
44005,85.7
44007,60.7
44009,90.9
50001,92.5
50003,94.1
50005,94.8
50007,88.5
50015,94.5
50017,95.5
50021,95.2
50023,94.1
50025,93
50027,94.6
23003,94.1
23007,95.6
23009,94.7
23019,93.6
23021,94.9
23025,95.7
23029,89.4
26001,95.7
26003,83.5
26007,95.7
26009,94.6
26013,72.6
26029,93.7
26031,92
26033,69.6
26039,94.5
26041,92.8
26043,94.9
26047,91.1
26053,90.1
26055,92.5
26061,92
26071,94.3
26079,94.1
26083,96.7
26089,90
26095,77.6
26097,73.1
26103,92
26109,92.8
26119,95.8
26131,94.9
26135,95.5
26137,94.5
26141,95.5
26153,85.6
27001,93.9
27003,81.2
27017,88.1
27025,93.3
27031,85.5
27037,78.3
27053,68.8
27059,93.7
27065,94.8
27075,95.4
27095,88.8
27115,89.1
27123,61.9
27137,91.1
27139,81.1
27163,82.6
33007,92
36019,89.9
50009,95.3
50011,93.8
50013,92.8
50019,95
55003,82.3
55005,93.3
55007,84.5
55013,90.3
55017,93.5
55019,93
55029,93.8
55031,91.6
55033,92.7
55035,89.9
55037,97
55041,79
55051,95.4
55067,93.8
55069,95.3
55073,88.6
55075,95.2
55078,10
55083,94.9
55085,94.8
55093,94.1
55095,94.9
55099,94
55107,94.7
55109,93.9
55113,76.6
55115,86.6
55119,95.8
55125,84.8
55129,94.1
72001,0.2
72003,6.7
72005,1.5
72007,0.3
72009,0.1
72011,4.3
72013,0.6
72015,0.1
72017,0.2
72019,0.1
72021,0.6
72023,0.2
72025,1
72027,1
72029,0
72031,0.7
72033,0.8
72035,0.3
72037,1.1
72039,0.8
72041,0.3
72043,0.6
72045,0.5
72047,0.9
72049,7.3
72051,2.1
72053,0.3
72054,1.1
72055,0.8
72057,0.7
72059,0.4
72061,1.2
72063,1.9
72065,0.1
72067,0.1
72069,0.6
72071,0.8
72073,0.3
72075,0.1
72077,0.6
72079,0.5
72081,0.2
72083,0.4
72085,0
72087,0
72089,0.9
72091,1.3
72093,0.8
72095,1.1
72097,0.5
72099,0.3
72101,0.3
72103,0.6
72105,0
72107,0.2
72109,0.1
72111,0.3
72113,0.6
72115,0.9
72117,9.9
72119,0.6
72121,0.2
72123,0
72125,0.4
72127,1.5
72129,0
72131,2.7
72133,0.4
72135,0.8
72137,1.1
72139,0.7
72141,0.5
72143,0.8
72145,2.9
72147,5
72149,0.1
72151,0
72153,0.3